show_id,type,title,director,country,date_added,release_year,rating,duration,genre,duration_value,duration_unit,date_added_year
OTT00001,TV Show,Family Stories 1,Director D,United Kingdom,2008-09-23,1990,TV-MA,1 Seasons,Family,1,Seasons,2008.0
OTT00002,Movie,Romance Chronicles 2,Director C,Japan,2011-09-27,2010,PG,64 min,Romance,64,Minutes,2011.0
OTT00003,TV Show,Comedy Files 3,Unknown,United States,2023-01-06,2017,TV-MA,2 Seasons,Comedy,2,Seasons,2023.0
OTT00004,TV Show,Animation Journey 4,Director D,South Korea,2013-12-17,2010,R,1 Seasons,Animation,1,Seasons,2013.0
OTT00005,Movie,Drama Collection 5,Director C,Japan,2010-07-14,2004,PG-13,95 min,Drama,95,Minutes,2010.0
OTT00006,TV Show,Animation Project 6,Unknown,Japan,2025-05-17,2020,PG-13,5 Seasons,Animation,5,Seasons,2025.0
OTT00007,TV Show,Romance Days 7,Unknown,United States,2008-08-02,2003,Unknown,1 Seasons,Romance,1,Seasons,2008.0
OTT00008,TV Show,Drama House 8,Director B,India,2016-05-25,2016,TV-MA,2 Seasons,Drama,2,Seasons,2016.0
OTT00009,Movie,Drama Stories 9,Director D,India,2008-05-02,2007,TV-PG,83 min,Drama,83,Minutes,2008.0
OTT00010,Movie,Animation Chronicles 10,Unknown,United States,2008-06-23,1990,TV-MA,124 min,Animation,124,Minutes,2008.0
OTT00011,Movie,Documentary Files 11,Director C,United States,2011-03-01,2009,PG-13,111 min,Documentary,111,Minutes,2011.0
OTT00012,TV Show,Sci-Fi Journey 12,Director C,India,2008-02-02,1991,TV-14,2 Seasons,Sci-Fi,2,Seasons,2008.0
OTT00013,Movie,Animation Collection 13,Director B,South Korea,2026-04-17,2024,TV-PG,84 min,Animation,84,Minutes,2026.0
OTT00014,TV Show,Crime Project 14,Unknown,United States,2020-09-10,2012,TV-MA,1 Seasons,Crime,1,Seasons,2020.0
OTT00015,Movie,Comedy Days 15,Unknown,Spain,2008-08-25,2003,R,125 min,Comedy,125,Minutes,2008.0
OTT00016,Movie,Crime House 16,Director A,United Kingdom,2009-11-07,2007,TV-MA,143 min,Crime,143,Minutes,2009.0
OTT00017,Movie,Horror Stories 17,Director D,Canada,,2012,PG-13,115 min,Horror,115,Minutes,
OTT00018,Movie,Drama Chronicles 18,Director B,India,2008-05-18,1999,TV-MA,85 min,Drama,85,Minutes,2008.0
OTT00019,TV Show,Documentary Files 19,Director C,United Kingdom,2008-06-20,2000,NR,2 Seasons,Documentary,2,Seasons,2008.0
OTT00020,Movie,Comedy Journey 20,Director D,Japan,2013-01-03,2005,PG-13,158 min,Comedy,158,Minutes,2013.0
OTT00021,TV Show,Action Collection 21,Director A,Australia,2008-10-04,1999,TV-MA,2 Seasons,Action,2,Seasons,2008.0
OTT00022,Movie,Animation Project 22,Unknown,India,2024-03-25,2018,TV-MA,137 min,Animation,137,Minutes,2024.0
OTT00023,TV Show,Action Days 23,Director D,United Kingdom,2008-12-04,1993,TV-14,1 Seasons,Action,1,Seasons,2008.0
OTT00024,TV Show,Thriller House 24,Unknown,Unknown,2024-11-06,2020,TV-MA,2 Seasons,Thriller,2,Seasons,2024.0
OTT00025,TV Show,Documentary Stories 25,Director B,Unknown,2008-03-08,2002,TV-MA,3 Seasons,Documentary,3,Seasons,2008.0
OTT00026,Movie,Drama Chronicles 26,Unknown,United States,2014-10-04,2010,TV-Y7,113 min,Drama,113,Minutes,2014.0
OTT00027,Movie,Comedy Files 27,Director D,United Kingdom,2008-08-27,1995,R,88 min,Comedy,88,Minutes,2008.0
OTT00028,Movie,Family Journey 28,Director D,India,2008-01-03,2004,TV-MA,87 min,Family,87,Minutes,2008.0
OTT00029,Movie,Romance Collection 29,Unknown,Australia,2018-05-18,2017,R,126 min,Romance,126,Minutes,2018.0
OTT00030,TV Show,Documentary Project 30,Director B,India,2008-10-18,2000,TV-14,3 Seasons,Documentary,3,Seasons,2008.0
OTT00031,TV Show,Animation Days 31,Unknown,India,2008-12-13,1994,NR,4 Seasons,Animation,4,Seasons,2008.0
OTT00032,TV Show,Drama House 32,Director C,Mexico,2017-10-13,2009,Unknown,4 Seasons,Drama,4,Seasons,2017.0
OTT00033,Movie,Comedy Stories 33,Unknown,India,2008-10-22,1996,PG-13,107 min,Comedy,107,Minutes,2008.0
OTT00034,Movie,Comedy Chronicles 34,Director A,United States,2008-03-11,2001,PG,98 min,Comedy,98,Minutes,2008.0
OTT00035,Movie,Reality Files 35,Director B,United States,2008-07-08,2006,TV-MA,134 min,Reality,134,Minutes,2008.0
OTT00036,Movie,Crime Journey 36,Director B,United States,2013-09-17,2010,TV-MA,120 min,Crime,120,Minutes,2013.0
OTT00037,Movie,Romance Collection 37,Director B,United States,2016-08-05,2013,TV-14,83 min,Romance,83,Minutes,2016.0
OTT00038,Movie,Drama Project 38,Unknown,India,2017-01-27,2015,TV-Y7,82 min,Drama,82,Minutes,2017.0
OTT00039,Movie,Comedy Days 39,Director B,Canada,2026-09-09,2021,R,115 min,Comedy,115,Minutes,2026.0
OTT00040,Movie,Romance House 40,Director A,South Korea,2008-09-01,1992,PG-13,101 min,Romance,101,Minutes,2008.0
OTT00041,Movie,Documentary Stories 41,Director B,United States,2008-12-26,2003,PG,104 min,Documentary,104,Minutes,2008.0
OTT00042,TV Show,Horror Chronicles 42,Director D,United Kingdom,2008-07-10,1990,PG,3 Seasons,Horror,3,Seasons,2008.0
OTT00043,TV Show,Animation Files 43,Unknown,United States,2008-05-12,1990,TV-PG,3 Seasons,Animation,3,Seasons,2008.0
OTT00044,Movie,Action Journey 44,Director B,Unknown,,1997,TV-PG,134 min,Action,134,Minutes,
OTT00045,TV Show,Animation Collection 45,Director A,Unknown,2020-01-24,2012,PG-13,1 Seasons,Animation,1,Seasons,2020.0
OTT00046,TV Show,Reality Project 46,Director B,Japan,2025-04-18,2023,TV-14,2 Seasons,Reality,2,Seasons,2025.0
OTT00047,Movie,Action Days 47,Director B,India,2024-12-25,2018,TV-Y7,120 min,Action,120,Minutes,2024.0
OTT00048,Movie,Romance House 48,Director D,Japan,2019-12-14,2013,TV-MA,71 min,Romance,71,Minutes,2019.0
OTT00049,TV Show,Horror Stories 49,Director A,India,2025-09-25,2018,TV-MA,1 Seasons,Horror,1,Seasons,2025.0
OTT00050,Movie,Comedy Chronicles 50,Director C,Canada,2008-06-08,1996,PG,86 min,Comedy,86,Minutes,2008.0
OTT00051,Movie,Sci-Fi Files 51,Unknown,United States,2026-03-02,2021,TV-14,105 min,Sci-Fi,105,Minutes,2026.0
OTT00052,Movie,Drama Journey 52,Director B,Germany,2026-09-15,2022,TV-MA,140 min,Drama,140,Minutes,2026.0
OTT00053,TV Show,Romance Collection 53,Director B,United Kingdom,2008-09-13,1993,TV-MA,5 Seasons,Romance,5,Seasons,2008.0
OTT00054,Movie,Animation Project 54,Unknown,South Korea,2008-04-04,2007,R,87 min,Animation,87,Minutes,2008.0
OTT00055,TV Show,Romance Days 55,Unknown,France,2026-08-05,2020,TV-Y7,2 Seasons,Romance,2,Seasons,2026.0
OTT00056,TV Show,Thriller House 56,Unknown,Brazil,2014-09-16,2007,TV-MA,3 Seasons,Thriller,3,Seasons,2014.0
OTT00057,Movie,Romance Stories 57,Director C,United States,2021-11-11,2021,TV-MA,113 min,Romance,113,Minutes,2021.0
OTT00058,Movie,Drama Chronicles 58,Director D,United States,2026-04-04,2024,TV-PG,113 min,Drama,113,Minutes,2026.0
OTT00059,Movie,Comedy Files 59,Director B,United States,2009-04-18,2007,NR,111 min,Comedy,111,Minutes,2009.0
OTT00060,Movie,Comedy Journey 60,Director C,United States,2008-09-21,1992,TV-14,142 min,Comedy,142,Minutes,2008.0
OTT00061,Movie,Romance Collection 61,Unknown,United Kingdom,2008-05-23,2002,NR,129 min,Romance,129,Minutes,2008.0
OTT00062,Movie,Action Project 62,Director A,Brazil,2008-02-03,1997,TV-Y7,81 min,Action,81,Minutes,2008.0
OTT00063,Movie,Comedy Days 63,Unknown,Unknown,2011-11-22,2007,TV-14,122 min,Comedy,122,Minutes,2011.0
OTT00064,TV Show,Sci-Fi House 64,Unknown,United Kingdom,2014-11-25,2011,PG,3 Seasons,Sci-Fi,3,Seasons,2014.0
OTT00065,Movie,Documentary Stories 65,Director B,Japan,2012-01-23,2007,PG-13,111 min,Documentary,111,Minutes,2012.0
OTT00066,Movie,Action Chronicles 66,Director C,France,2008-01-23,1997,Unknown,129 min,Action,129,Minutes,2008.0
OTT00067,Movie,Action Files 67,Director C,Australia,2008-08-04,2001,TV-PG,109 min,Action,109,Minutes,2008.0
OTT00068,Movie,Comedy Journey 68,Director A,United States,2016-12-26,2015,PG,109 min,Comedy,109,Minutes,2016.0
OTT00069,Movie,Crime Collection 69,Director B,United Kingdom,2008-05-10,1990,PG,107 min,Crime,107,Minutes,2008.0
OTT00070,Movie,Action Project 70,Director B,Unknown,2008-08-11,1997,PG-13,60 min,Action,60,Minutes,2008.0
OTT00071,Movie,Drama Days 71,Unknown,United States,2026-03-02,2023,NR,103 min,Drama,103,Minutes,2026.0
OTT00072,Movie,Reality House 72,Director A,India,2008-03-22,1993,TV-PG,90 min,Reality,90,Minutes,2008.0
OTT00073,TV Show,Family Stories 73,Director C,Brazil,2010-10-04,2005,PG,1 Seasons,Family,1,Seasons,2010.0
OTT00074,Movie,Crime Chronicles 74,Director A,Brazil,2008-06-07,1997,TV-Y7,136 min,Crime,136,Minutes,2008.0
OTT00075,Movie,Sci-Fi Files 75,Director B,Germany,2008-03-01,1993,TV-MA,116 min,Sci-Fi,116,Minutes,2008.0
OTT00076,Movie,Sci-Fi Journey 76,Director A,Canada,2009-03-20,2005,TV-MA,104 min,Sci-Fi,104,Minutes,2009.0
OTT00077,Movie,Documentary Collection 77,Unknown,United States,2014-12-25,2009,TV-PG,92 min,Documentary,92,Minutes,2014.0
OTT00078,Movie,Romance Project 78,Director B,India,2008-08-09,1996,TV-Y7,111 min,Romance,111,Minutes,2008.0
OTT00079,Movie,Romance Days 79,Unknown,United Kingdom,2008-03-21,1992,TV-14,126 min,Romance,126,Minutes,2008.0
OTT00080,TV Show,Comedy House 80,Director C,United Kingdom,2008-05-07,1994,PG-13,1 Seasons,Comedy,1,Seasons,2008.0
OTT00081,Movie,Comedy Stories 81,Director B,United Kingdom,2018-09-14,2014,TV-MA,104 min,Comedy,104,Minutes,2018.0
OTT00082,Movie,Drama Chronicles 82,Director C,Japan,2026-10-01,2021,TV-14,124 min,Drama,124,Minutes,2026.0
OTT00083,TV Show,Crime Files 83,Unknown,India,2008-09-16,1996,R,1 Seasons,Crime,1,Seasons,2008.0
OTT00084,Movie,Animation Journey 84,Director C,South Korea,2008-07-06,2001,TV-MA,103 min,Animation,103,Minutes,2008.0
OTT00085,Movie,Animation Collection 85,Director D,India,2008-04-20,2002,TV-Y,95 min,Animation,95,Minutes,2008.0
OTT00086,Movie,Documentary Project 86,Unknown,India,2008-02-17,2003,TV-MA,102 min,Documentary,102,Minutes,2008.0
OTT00087,TV Show,Comedy Days 87,Director D,United States,2008-05-23,1999,TV-Y,1 Seasons,Comedy,1,Seasons,2008.0
OTT00088,Movie,Action House 88,Unknown,United States,2008-02-24,1992,TV-MA,108 min,Action,108,Minutes,2008.0
OTT00089,Movie,Thriller Stories 89,Unknown,France,2009-03-03,2009,NR,147 min,Thriller,147,Minutes,2009.0
OTT00090,Movie,Horror Chronicles 90,Director A,Unknown,2011-07-06,2003,R,97 min,Horror,97,Minutes,2011.0
OTT00091,Movie,Sci-Fi Files 91,Director B,United States,2009-09-14,2002,TV-MA,111 min,Sci-Fi,111,Minutes,2009.0
OTT00092,TV Show,Horror Journey 92,Director D,Canada,2008-06-06,1999,TV-MA,5 Seasons,Horror,5,Seasons,2008.0
OTT00093,Movie,Family Collection 93,Unknown,United Kingdom,2026-07-05,2024,TV-MA,92 min,Family,92,Minutes,2026.0
OTT00094,Movie,Reality Project 94,Director C,United States,2017-12-26,2012,R,144 min,Reality,144,Minutes,2017.0
OTT00095,Movie,Action Days 95,Unknown,United States,2009-07-18,2005,PG,105 min,Action,105,Minutes,2009.0
OTT00096,Movie,Drama House 96,Director D,United States,2008-08-04,1997,TV-PG,144 min,Drama,144,Minutes,2008.0
OTT00097,Movie,Drama Stories 97,Director A,Japan,2024-06-12,2019,TV-PG,121 min,Drama,121,Minutes,2024.0
OTT00098,Movie,Action Chronicles 98,Director A,United States,2026-06-10,2022,R,111 min,Action,111,Minutes,2026.0
OTT00099,Movie,Comedy Files 99,Director A,United States,2008-06-25,1991,R,103 min,Comedy,103,Minutes,2008.0
OTT00100,TV Show,Drama Journey 100,Unknown,Unknown,2024-09-23,2024,PG-13,1 Seasons,Drama,1,Seasons,2024.0
OTT00101,TV Show,Reality Collection 101,Director D,United Kingdom,2016-09-05,2015,TV-PG,2 Seasons,Reality,2,Seasons,2016.0
OTT00102,TV Show,Comedy Project 102,Director A,Unknown,2008-09-18,1993,PG-13,3 Seasons,Comedy,3,Seasons,2008.0
OTT00103,Movie,Reality Days 103,Director D,France,2024-05-10,2017,NR,104 min,Reality,104,Minutes,2024.0
OTT00104,TV Show,Animation House 104,Director C,United States,2008-05-14,1993,TV-14,1 Seasons,Animation,1,Seasons,2008.0
OTT00105,TV Show,Romance Stories 105,Director A,United Kingdom,2008-08-09,1991,TV-MA,1 Seasons,Romance,1,Seasons,2008.0
OTT00106,TV Show,Crime Chronicles 106,Director B,India,2008-02-17,1994,TV-MA,3 Seasons,Crime,3,Seasons,2008.0
OTT00107,Movie,Documentary Files 107,Unknown,India,2008-04-15,2007,R,131 min,Documentary,131,Minutes,2008.0
OTT00108,Movie,Romance Journey 108,Director D,United States,2014-08-22,2012,TV-14,90 min,Romance,90,Minutes,2014.0
OTT00109,Movie,Comedy Collection 109,Director A,Canada,2011-05-18,2005,G,90 min,Comedy,90,Minutes,2011.0
OTT00110,TV Show,Horror Project 110,Director C,Germany,2008-03-16,1994,R,2 Seasons,Horror,2,Seasons,2008.0
OTT00111,Movie,Documentary Days 111,Director A,United States,2008-08-25,1997,R,138 min,Documentary,138,Minutes,2008.0
OTT00112,Movie,Comedy House 112,Unknown,United States,2022-05-01,2021,PG,130 min,Comedy,130,Minutes,2022.0
OTT00113,Movie,Crime Stories 113,Director A,Germany,2026-01-05,2025,Unknown,77 min,Crime,77,Minutes,2026.0
OTT00114,Movie,Crime Chronicles 114,Director D,United Kingdom,2023-04-17,2017,PG,99 min,Crime,99,Minutes,2023.0
OTT00115,Movie,Action Files 115,Unknown,United States,2008-12-22,1993,TV-MA,84 min,Action,84,Minutes,2008.0
OTT00116,TV Show,Romance Journey 116,Director B,United States,2025-10-13,2020,R,1 Seasons,Romance,1,Seasons,2025.0
OTT00117,TV Show,Drama Collection 117,Director B,Japan,2023-06-15,2015,G,4 Seasons,Drama,4,Seasons,2023.0
OTT00118,TV Show,Crime Project 118,Director C,South Korea,2011-06-08,2009,PG,1 Seasons,Crime,1,Seasons,2011.0
OTT00119,Movie,Comedy Days 119,Director B,United Kingdom,2008-05-25,1995,TV-Y7,69 min,Comedy,69,Minutes,2008.0
OTT00120,Movie,Comedy House 120,Director C,Mexico,2026-04-25,2026,TV-14,86 min,Comedy,86,Minutes,2026.0
OTT00121,Movie,Drama Stories 121,Director C,India,2010-03-21,2006,PG,111 min,Drama,111,Minutes,2010.0
OTT00122,Movie,Documentary Chronicles 122,Director B,United States,2008-01-22,1991,R,118 min,Documentary,118,Minutes,2008.0
OTT00123,Movie,Documentary Files 123,Director B,India,2008-11-01,1997,R,114 min,Documentary,114,Minutes,2008.0
OTT00124,Movie,Action Journey 124,Director A,India,2008-02-01,2004,TV-MA,130 min,Action,130,Minutes,2008.0
OTT00125,Movie,Comedy Collection 125,Unknown,United States,2008-06-27,1992,TV-MA,66 min,Comedy,66,Minutes,2008.0
OTT00126,Movie,Comedy Project 126,Director D,United States,2008-02-03,2001,R,131 min,Comedy,131,Minutes,2008.0
OTT00127,Movie,Thriller Days 127,Unknown,India,2015-09-21,2007,TV-MA,98 min,Thriller,98,Minutes,2015.0
OTT00128,Movie,Drama House 128,Director B,South Korea,2026-09-14,2025,PG-13,121 min,Drama,121,Minutes,2026.0
OTT00129,Movie,Crime Stories 129,Unknown,United States,2008-06-01,1993,TV-Y7,75 min,Crime,75,Minutes,2008.0
OTT00130,Movie,Horror Chronicles 130,Director C,India,2012-07-20,2011,TV-Y,105 min,Horror,105,Minutes,2012.0
OTT00131,Movie,Action Files 131,Director A,Japan,2026-05-12,2023,TV-MA,110 min,Action,110,Minutes,2026.0
OTT00132,TV Show,Sci-Fi Journey 132,Director C,United Kingdom,2023-08-20,2019,G,3 Seasons,Sci-Fi,3,Seasons,2023.0
OTT00133,Movie,Drama Collection 133,Unknown,Canada,2026-09-23,2024,TV-MA,70 min,Drama,70,Minutes,2026.0
OTT00134,Movie,Drama Project 134,Director C,Spain,2008-01-16,1996,TV-PG,105 min,Drama,105,Minutes,2008.0
OTT00135,Movie,Crime Days 135,Director C,South Korea,2022-09-15,2019,TV-Y7,81 min,Crime,81,Minutes,2022.0
OTT00136,Movie,Animation House 136,Director A,United States,2026-09-19,2026,TV-MA,116 min,Animation,116,Minutes,2026.0
OTT00137,TV Show,Family Stories 137,Director D,India,2008-10-14,2002,TV-MA,3 Seasons,Family,3,Seasons,2008.0
OTT00138,Movie,Drama Chronicles 138,Unknown,United Kingdom,2009-06-19,2008,TV-MA,133 min,Drama,133,Minutes,2009.0
OTT00139,TV Show,Animation Files 139,Unknown,United States,2014-08-01,2009,TV-PG,1 Seasons,Animation,1,Seasons,2014.0
OTT00140,Movie,Documentary Journey 140,Director A,United States,2015-07-10,2008,PG,125 min,Documentary,125,Minutes,2015.0
OTT00141,Movie,Documentary Collection 141,Director C,United States,2008-12-05,2000,TV-MA,134 min,Documentary,134,Minutes,2008.0
OTT00142,Movie,Comedy Project 142,Director A,India,2026-02-07,2025,TV-MA,68 min,Comedy,68,Minutes,2026.0
OTT00143,TV Show,Reality Days 143,Director D,India,2025-09-21,2025,R,3 Seasons,Reality,3,Seasons,2025.0
OTT00144,Movie,Drama House 144,Director B,Unknown,2009-11-05,2004,TV-14,126 min,Drama,126,Minutes,2009.0
OTT00145,Movie,Family Stories 145,Director A,Spain,2019-10-03,2019,PG-13,99 min,Family,99,Minutes,2019.0
OTT00146,Movie,Romance Chronicles 146,Director B,Australia,2009-09-02,2004,G,78 min,Romance,78,Minutes,2009.0
OTT00147,Movie,Crime Files 147,Director B,United States,2022-09-26,2019,PG,125 min,Crime,125,Minutes,2022.0
OTT00148,Movie,Crime Journey 148,Director C,Australia,2018-05-23,2011,TV-Y7,78 min,Crime,78,Minutes,2018.0
OTT00149,Movie,Family Collection 149,Director A,United States,2012-03-08,2007,TV-PG,101 min,Family,101,Minutes,2012.0
OTT00150,Movie,Comedy Project 150,Unknown,Australia,2008-08-11,1994,PG,104 min,Comedy,104,Minutes,2008.0
OTT00151,TV Show,Drama Days 151,Director D,Mexico,2017-04-27,2014,TV-MA,3 Seasons,Drama,3,Seasons,2017.0
OTT00152,TV Show,Romance House 152,Director C,United States,2008-11-09,2001,TV-MA,1 Seasons,Romance,1,Seasons,2008.0
OTT00153,Movie,Documentary Stories 153,Director C,Canada,2008-04-02,1998,PG-13,89 min,Documentary,89,Minutes,2008.0
OTT00154,Movie,Drama Chronicles 154,Director A,Unknown,2008-09-01,1997,TV-MA,107 min,Drama,107,Minutes,2008.0
OTT00155,Movie,Comedy Files 155,Unknown,Germany,2026-07-19,2026,TV-Y,127 min,Comedy,127,Minutes,2026.0
OTT00156,Movie,Documentary Journey 156,Director B,Mexico,2008-08-06,1993,PG-13,155 min,Documentary,155,Minutes,2008.0
OTT00157,Movie,Drama Collection 157,Director D,United Kingdom,2026-11-25,2019,NR,71 min,Drama,71,Minutes,2026.0
OTT00158,Movie,Drama Project 158,Director B,United States,2025-07-09,2022,TV-14,111 min,Drama,111,Minutes,2025.0
OTT00159,TV Show,Horror Days 159,Unknown,France,2008-04-25,1991,TV-PG,1 Seasons,Horror,1,Seasons,2008.0
OTT00160,TV Show,Documentary House 160,Unknown,United Kingdom,2014-01-08,2011,PG-13,3 Seasons,Documentary,3,Seasons,2014.0
OTT00161,Movie,Reality Stories 161,Director A,United Kingdom,2014-01-12,2011,TV-14,84 min,Reality,84,Minutes,2014.0
OTT00162,TV Show,Reality Chronicles 162,Director B,India,2008-12-24,2003,R,1 Seasons,Reality,1,Seasons,2008.0
OTT00163,Movie,Drama Files 163,Director A,United Kingdom,2014-08-18,2014,PG-13,92 min,Drama,92,Minutes,2014.0
OTT00164,Movie,Crime Journey 164,Unknown,United States,2008-05-27,2005,NR,103 min,Crime,103,Minutes,2008.0
OTT00165,Movie,Romance Collection 165,Director D,South Korea,2008-02-26,2006,PG-13,112 min,Romance,112,Minutes,2008.0
OTT00166,Movie,Crime Project 166,Director A,United States,2008-03-10,2005,TV-MA,115 min,Crime,115,Minutes,2008.0
OTT00167,TV Show,Drama Days 167,Director A,South Korea,2019-12-27,2019,TV-PG,2 Seasons,Drama,2,Seasons,2019.0
OTT00168,TV Show,Comedy House 168,Unknown,France,2016-08-01,2013,R,1 Seasons,Comedy,1,Seasons,2016.0
OTT00169,Movie,Drama Stories 169,Director A,India,2008-10-10,2004,TV-MA,121 min,Drama,121,Minutes,2008.0
OTT00170,TV Show,Romance Chronicles 170,Director B,United Kingdom,2024-09-23,2024,TV-PG,2 Seasons,Romance,2,Seasons,2024.0
OTT00171,Movie,Reality Files 171,Director A,United States,2021-11-22,2019,TV-14,130 min,Reality,130,Minutes,2021.0
OTT00172,Movie,Crime Journey 172,Director C,Mexico,2026-12-11,2024,TV-MA,89 min,Crime,89,Minutes,2026.0
OTT00173,Movie,Crime Collection 173,Director A,South Korea,2018-08-27,2017,TV-PG,69 min,Crime,69,Minutes,2018.0
OTT00174,TV Show,Reality Project 174,Director C,India,2010-04-12,2004,TV-MA,2 Seasons,Reality,2,Seasons,2010.0
OTT00175,Movie,Crime Days 175,Director B,United States,2018-08-25,2018,R,133 min,Crime,133,Minutes,2018.0
OTT00176,Movie,Drama House 176,Unknown,United States,2008-01-22,2002,TV-MA,108 min,Drama,108,Minutes,2008.0
OTT00177,Movie,Sci-Fi Stories 177,Director C,India,2008-12-24,2000,PG-13,100 min,Sci-Fi,100,Minutes,2008.0
OTT00178,TV Show,Documentary Chronicles 178,Director B,Australia,2013-07-20,2006,TV-MA,1 Seasons,Documentary,1,Seasons,2013.0
OTT00179,TV Show,Drama Files 179,Director B,South Korea,2026-05-17,2025,TV-Y,4 Seasons,Drama,4,Seasons,2026.0
OTT00180,TV Show,Thriller Journey 180,Unknown,United States,2015-02-27,2011,TV-MA,1 Seasons,Thriller,1,Seasons,2015.0
OTT00181,TV Show,Horror Collection 181,Director C,France,2010-06-16,2004,R,1 Seasons,Horror,1,Seasons,2010.0
OTT00182,TV Show,Comedy Project 182,Unknown,India,2014-01-27,2007,TV-14,3 Seasons,Comedy,3,Seasons,2014.0
OTT00183,Movie,Thriller Days 183,Unknown,France,2008-02-02,2000,TV-14,64 min,Thriller,64,Minutes,2008.0
OTT00184,Movie,Comedy House 184,Unknown,United States,2021-10-25,2014,TV-PG,133 min,Comedy,133,Minutes,2021.0
OTT00185,TV Show,Drama Stories 185,Director D,Japan,2008-01-21,2002,TV-Y7,3 Seasons,Drama,3,Seasons,2008.0
OTT00186,Movie,Drama Chronicles 186,Director D,Australia,2010-05-12,2010,TV-Y,124 min,Drama,124,Minutes,2010.0
OTT00187,Movie,Crime Files 187,Director B,United States,2008-11-22,2003,TV-14,117 min,Crime,117,Minutes,2008.0
OTT00188,Movie,Sci-Fi Journey 188,Director B,South Korea,2009-07-19,2001,TV-MA,101 min,Sci-Fi,101,Minutes,2009.0
OTT00189,TV Show,Drama Collection 189,Director D,Brazil,2026-12-23,2025,PG-13,1 Seasons,Drama,1,Seasons,2026.0
OTT00190,Movie,Comedy Project 190,Director B,United States,2008-04-21,2002,R,101 min,Comedy,101,Minutes,2008.0
OTT00191,TV Show,Comedy Days 191,Unknown,United States,2008-09-04,1992,TV-MA,1 Seasons,Comedy,1,Seasons,2008.0
OTT00192,Movie,Drama House 192,Director B,Japan,2009-05-02,2004,PG,115 min,Drama,115,Minutes,2009.0
OTT00193,Movie,Thriller Stories 193,Unknown,India,2010-07-25,2009,TV-PG,122 min,Thriller,122,Minutes,2010.0
OTT00194,TV Show,Crime Chronicles 194,Director A,United States,2008-05-23,1993,PG-13,4 Seasons,Crime,4,Seasons,2008.0
OTT00195,Movie,Romance Files 195,Director C,India,2008-07-19,2001,TV-14,113 min,Romance,113,Minutes,2008.0
OTT00196,Movie,Action Journey 196,Unknown,South Korea,2008-08-16,1996,TV-PG,125 min,Action,125,Minutes,2008.0
OTT00197,Movie,Thriller Collection 197,Director A,United States,2010-09-01,2008,TV-MA,98 min,Thriller,98,Minutes,2010.0
OTT00198,TV Show,Drama Project 198,Director C,India,2021-10-26,2016,PG-13,1 Seasons,Drama,1,Seasons,2021.0
OTT00199,Movie,Drama Days 199,Director C,Spain,2026-06-11,2025,TV-MA,115 min,Drama,115,Minutes,2026.0
OTT00200,Movie,Horror House 200,Director A,United Kingdom,2008-09-25,2004,PG,96 min,Horror,96,Minutes,2008.0
OTT00201,TV Show,Animation Stories 201,Director B,Spain,2023-08-20,2021,PG,2 Seasons,Animation,2,Seasons,2023.0
OTT00202,TV Show,Horror Chronicles 202,Director D,India,2008-02-07,1997,PG-13,1 Seasons,Horror,1,Seasons,2008.0
OTT00203,Movie,Horror Files 203,Director A,Mexico,2024-05-11,2018,TV-MA,85 min,Horror,85,Minutes,2024.0
OTT00204,Movie,Romance Journey 204,Director B,Unknown,2010-12-19,2010,TV-14,118 min,Romance,118,Minutes,2010.0
OTT00205,Movie,Horror Collection 205,Unknown,United States,2026-11-07,2018,TV-PG,124 min,Horror,124,Minutes,2026.0
OTT00206,Movie,Action Project 206,Director C,France,2017-12-02,2017,R,83 min,Action,83,Minutes,2017.0
OTT00207,Movie,Drama Days 207,Director A,India,2012-03-21,2009,Unknown,119 min,Drama,119,Minutes,2012.0
OTT00208,Movie,Drama House 208,Director D,United States,2008-12-21,1999,TV-14,93 min,Drama,93,Minutes,2008.0
OTT00209,Movie,Drama Stories 209,Director A,United States,2012-06-15,2009,TV-Y7,105 min,Drama,105,Minutes,2012.0
OTT00210,Movie,Drama Chronicles 210,Director B,South Korea,2025-03-27,2020,TV-MA,136 min,Drama,136,Minutes,2025.0
OTT00211,TV Show,Documentary Files 211,Director D,United States,2025-09-26,2025,TV-14,3 Seasons,Documentary,3,Seasons,2025.0
OTT00212,Movie,Crime Journey 212,Director A,United States,2026-08-13,2024,TV-MA,122 min,Crime,122,Minutes,2026.0
OTT00213,Movie,Animation Collection 213,Director D,United States,2008-06-10,1996,PG-13,146 min,Animation,146,Minutes,2008.0
OTT00214,TV Show,Romance Project 214,Director C,India,2016-08-14,2012,TV-MA,1 Seasons,Romance,1,Seasons,2016.0
OTT00215,TV Show,Drama Days 215,Unknown,India,2008-04-05,1993,TV-14,1 Seasons,Drama,1,Seasons,2008.0
OTT00216,TV Show,Animation House 216,Unknown,United Kingdom,2020-08-11,2014,PG,1 Seasons,Animation,1,Seasons,2020.0
OTT00217,Movie,Documentary Stories 217,Director C,United States,2026-01-15,2026,R,99 min,Documentary,99,Minutes,2026.0
OTT00218,Movie,Drama Chronicles 218,Director B,United States,2008-07-27,1991,TV-MA,55 min,Drama,55,Minutes,2008.0
OTT00219,TV Show,Comedy Files 219,Unknown,United Kingdom,,2014,TV-MA,1 Seasons,Comedy,1,Seasons,
OTT00220,Movie,Documentary Journey 220,Unknown,India,2026-08-19,2024,TV-PG,93 min,Documentary,93,Minutes,2026.0
OTT00221,Movie,Comedy Collection 221,Director B,Japan,2021-07-23,2021,TV-14,122 min,Comedy,122,Minutes,2021.0
OTT00222,Movie,Family Project 222,Director A,United States,2010-09-23,2004,TV-MA,112 min,Family,112,Minutes,2010.0
OTT00223,Movie,Animation Days 223,Director C,United States,2008-05-19,1993,R,91 min,Animation,91,Minutes,2008.0
OTT00224,TV Show,Crime House 224,Unknown,United States,2026-05-10,2024,TV-14,3 Seasons,Crime,3,Seasons,2026.0
OTT00225,Movie,Drama Stories 225,Director A,India,2026-01-12,2024,R,120 min,Drama,120,Minutes,2026.0
OTT00226,TV Show,Family Chronicles 226,Director B,India,2014-12-07,2011,TV-14,1 Seasons,Family,1,Seasons,2014.0
OTT00227,Movie,Crime Files 227,Director B,Spain,2026-04-16,2026,TV-MA,94 min,Crime,94,Minutes,2026.0
OTT00228,Movie,Comedy Journey 228,Director B,India,2008-09-23,1990,TV-MA,56 min,Comedy,56,Minutes,2008.0
OTT00229,Movie,Romance Collection 229,Director A,United Kingdom,2015-03-16,2012,TV-14,81 min,Romance,81,Minutes,2015.0
OTT00230,Movie,Action Project 230,Director A,United Kingdom,2008-01-15,1991,TV-MA,88 min,Action,88,Minutes,2008.0
OTT00231,Movie,Action Days 231,Director C,United States,2026-12-18,2024,TV-14,106 min,Action,106,Minutes,2026.0
OTT00232,Movie,Drama House 232,Director B,United Kingdom,2022-10-14,2015,TV-Y,84 min,Drama,84,Minutes,2022.0
OTT00233,TV Show,Thriller Stories 233,Director A,India,2025-08-13,2023,PG,1 Seasons,Thriller,1,Seasons,2025.0
OTT00234,Movie,Drama Chronicles 234,Director B,India,2013-05-18,2010,TV-14,78 min,Drama,78,Minutes,2013.0
OTT00235,TV Show,Drama Files 235,Director B,United States,2008-05-22,1993,R,2 Seasons,Drama,2,Seasons,2008.0
OTT00236,TV Show,Drama Journey 236,Director B,Canada,2008-04-07,1990,R,2 Seasons,Drama,2,Seasons,2008.0
OTT00237,Movie,Reality Collection 237,Director B,Australia,2010-10-02,2002,Unknown,113 min,Reality,113,Minutes,2010.0
OTT00238,TV Show,Comedy Project 238,Director C,United States,2017-03-23,2017,TV-14,2 Seasons,Comedy,2,Seasons,2017.0
OTT00239,Movie,Documentary Days 239,Director D,United Kingdom,2008-06-12,1995,TV-14,71 min,Documentary,71,Minutes,2008.0
OTT00240,Movie,Documentary House 240,Director A,Canada,2026-07-24,2021,TV-14,91 min,Documentary,91,Minutes,2026.0
OTT00241,TV Show,Sci-Fi Stories 241,Director A,United States,2008-07-11,1998,TV-MA,1 Seasons,Sci-Fi,1,Seasons,2008.0
OTT00242,TV Show,Thriller Chronicles 242,Unknown,Canada,2016-12-11,2008,TV-14,1 Seasons,Thriller,1,Seasons,2016.0
OTT00243,Movie,Horror Files 243,Director A,Japan,2008-05-08,1997,TV-Y7,106 min,Horror,106,Minutes,2008.0
OTT00244,Movie,Documentary Journey 244,Director C,Australia,2013-05-05,2007,TV-Y,136 min,Documentary,136,Minutes,2013.0
OTT00245,Movie,Drama Collection 245,Director D,Brazil,2011-11-12,2006,TV-MA,122 min,Drama,122,Minutes,2011.0
OTT00246,TV Show,Thriller Project 246,Director B,United States,2008-08-07,1990,TV-PG,1 Seasons,Thriller,1,Seasons,2008.0
OTT00247,Movie,Documentary Days 247,Unknown,India,2018-07-11,2011,TV-14,119 min,Documentary,119,Minutes,2018.0
OTT00248,Movie,Family House 248,Director D,United Kingdom,2024-01-12,2019,TV-PG,119 min,Family,119,Minutes,2024.0
OTT00249,Movie,Sci-Fi Stories 249,Director A,United States,2024-01-12,2024,R,87 min,Sci-Fi,87,Minutes,2024.0
OTT00250,Movie,Action Chronicles 250,Director C,India,,2002,TV-MA,123 min,Action,123,Minutes,
OTT00251,Movie,Reality Files 251,Unknown,Brazil,,2022,TV-Y7,101 min,Reality,101,Minutes,
OTT00252,TV Show,Thriller Journey 252,Director D,United States,2026-09-16,2022,NR,1 Seasons,Thriller,1,Seasons,2026.0
OTT00253,Movie,Comedy Collection 253,Director C,India,2026-11-18,2026,PG-13,115 min,Comedy,115,Minutes,2026.0
OTT00254,Movie,Action Project 254,Director B,Spain,2010-07-22,2003,PG-13,109 min,Action,109,Minutes,2010.0
OTT00255,Movie,Drama Days 255,Unknown,India,2023-10-08,2021,R,99 min,Drama,99,Minutes,2023.0
OTT00256,TV Show,Family House 256,Unknown,India,2013-08-23,2010,TV-14,2 Seasons,Family,2,Seasons,2013.0
OTT00257,TV Show,Drama Stories 257,Director B,Brazil,2008-01-25,1992,TV-MA,1 Seasons,Drama,1,Seasons,2008.0
OTT00258,Movie,Documentary Chronicles 258,Director A,India,2008-07-01,2000,R,118 min,Documentary,118,Minutes,2008.0
OTT00259,Movie,Thriller Files 259,Director B,United States,2014-06-16,2014,TV-MA,104 min,Thriller,104,Minutes,2014.0
OTT00260,Movie,Drama Journey 260,Director B,United States,2008-09-26,1995,PG,108 min,Drama,108,Minutes,2008.0
OTT00261,Movie,Drama Collection 261,Director B,Australia,2014-09-08,2006,TV-PG,112 min,Drama,112,Minutes,2014.0
OTT00262,TV Show,Crime Project 262,Director C,United States,2022-04-01,2018,TV-PG,1 Seasons,Crime,1,Seasons,2022.0
OTT00263,Movie,Drama Days 263,Director D,United Kingdom,2008-02-11,1995,TV-14,85 min,Drama,85,Minutes,2008.0
OTT00264,Movie,Action House 264,Unknown,United States,2016-12-19,2008,NR,56 min,Action,56,Minutes,2016.0
OTT00265,TV Show,Documentary Stories 265,Unknown,India,2008-03-03,1997,TV-MA,3 Seasons,Documentary,3,Seasons,2008.0
OTT00266,Movie,Comedy Chronicles 266,Director A,Australia,2013-09-26,2009,TV-MA,78 min,Comedy,78,Minutes,2013.0
OTT00267,Movie,Comedy Files 267,Director D,United Kingdom,2008-11-12,1998,TV-MA,107 min,Comedy,107,Minutes,2008.0
OTT00268,Movie,Animation Journey 268,Director A,Mexico,2026-06-24,2025,PG-13,113 min,Animation,113,Minutes,2026.0
OTT00269,Movie,Reality Collection 269,Director A,United States,2008-07-20,1992,NR,118 min,Reality,118,Minutes,2008.0
OTT00270,Movie,Drama Project 270,Director D,United Kingdom,2026-03-08,2025,TV-14,78 min,Drama,78,Minutes,2026.0
OTT00271,Movie,Reality Days 271,Director C,France,2019-11-07,2019,TV-Y,103 min,Reality,103,Minutes,2019.0
OTT00272,Movie,Romance House 272,Director B,India,2025-11-27,2021,TV-14,141 min,Romance,141,Minutes,2025.0
OTT00273,Movie,Romance Stories 273,Director D,United States,2022-12-23,2021,PG-13,142 min,Romance,142,Minutes,2022.0
OTT00274,Movie,Crime Chronicles 274,Director C,France,2008-12-07,1996,TV-MA,126 min,Crime,126,Minutes,2008.0
OTT00275,TV Show,Crime Files 275,Director D,India,2026-01-14,2024,TV-PG,2 Seasons,Crime,2,Seasons,2026.0
OTT00276,Movie,Family Journey 276,Director A,United Kingdom,2017-10-12,2011,PG-13,82 min,Family,82,Minutes,2017.0
OTT00277,Movie,Action Collection 277,Director C,Unknown,2026-02-20,2025,R,120 min,Action,120,Minutes,2026.0
OTT00278,Movie,Thriller Project 278,Director B,Unknown,2025-11-24,2022,TV-14,101 min,Thriller,101,Minutes,2025.0
OTT00279,TV Show,Documentary Days 279,Director B,United States,2011-02-08,2011,PG,3 Seasons,Documentary,3,Seasons,2011.0
OTT00280,TV Show,Drama House 280,Director A,United States,2008-08-22,2003,NR,1 Seasons,Drama,1,Seasons,2008.0
OTT00281,Movie,Crime Stories 281,Director B,India,2008-09-14,1994,TV-PG,101 min,Crime,101,Minutes,2008.0
OTT00282,Movie,Drama Chronicles 282,Director A,United States,2008-09-19,1993,R,108 min,Drama,108,Minutes,2008.0
OTT00283,Movie,Comedy Files 283,Director D,Japan,2008-09-10,2004,PG,110 min,Comedy,110,Minutes,2008.0
OTT00284,Movie,Drama Journey 284,Unknown,United States,2020-12-01,2020,TV-14,115 min,Drama,115,Minutes,2020.0
OTT00285,Movie,Comedy Collection 285,Director A,Japan,2013-11-16,2008,TV-Y7,92 min,Comedy,92,Minutes,2013.0
OTT00286,Movie,Romance Project 286,Director D,United States,2012-08-07,2007,TV-14,75 min,Romance,75,Minutes,2012.0
OTT00287,Movie,Romance Days 287,Director C,India,2008-07-09,1999,PG,140 min,Romance,140,Minutes,2008.0
OTT00288,Movie,Action House 288,Director C,Unknown,2014-05-18,2010,TV-MA,159 min,Action,159,Minutes,2014.0
OTT00289,Movie,Drama Stories 289,Unknown,South Korea,2013-09-13,2013,TV-14,114 min,Drama,114,Minutes,2013.0
OTT00290,Movie,Action Chronicles 290,Director D,India,2026-08-16,2026,R,75 min,Action,75,Minutes,2026.0
OTT00291,TV Show,Documentary Files 291,Director B,India,2021-06-07,2016,R,1 Seasons,Documentary,1,Seasons,2021.0
OTT00292,Movie,Crime Journey 292,Unknown,France,2018-08-06,2012,TV-Y7,116 min,Crime,116,Minutes,2018.0
OTT00293,TV Show,Thriller Collection 293,Director D,United Kingdom,2026-06-04,2023,NR,4 Seasons,Thriller,4,Seasons,2026.0
OTT00294,Movie,Thriller Project 294,Unknown,United States,2011-07-06,2005,TV-MA,78 min,Thriller,78,Minutes,2011.0
OTT00295,TV Show,Action Days 295,Unknown,Germany,2026-06-19,2024,TV-14,2 Seasons,Action,2,Seasons,2026.0
OTT00296,TV Show,Reality House 296,Director A,India,2010-05-19,2003,TV-14,2 Seasons,Reality,2,Seasons,2010.0
OTT00297,TV Show,Animation Stories 297,Director C,Unknown,2008-06-10,1994,TV-PG,3 Seasons,Animation,3,Seasons,2008.0
OTT00298,TV Show,Thriller Chronicles 298,Director B,India,2008-04-20,2005,TV-PG,1 Seasons,Thriller,1,Seasons,2008.0
OTT00299,TV Show,Action Files 299,Director D,United States,2008-04-09,1994,TV-Y7,1 Seasons,Action,1,Seasons,2008.0
OTT00300,Movie,Drama Journey 300,Unknown,United States,2008-05-08,1994,PG,118 min,Drama,118,Minutes,2008.0
OTT00301,TV Show,Horror Collection 301,Director A,South Korea,2022-06-17,2022,TV-MA,3 Seasons,Horror,3,Seasons,2022.0
OTT00302,Movie,Documentary Project 302,Director A,United States,2025-01-08,2019,TV-PG,103 min,Documentary,103,Minutes,2025.0
OTT00303,Movie,Comedy Days 303,Unknown,Spain,2008-12-08,1998,R,113 min,Comedy,113,Minutes,2008.0
OTT00304,Movie,Reality House 304,Director A,Australia,2025-01-19,2020,TV-PG,94 min,Reality,94,Minutes,2025.0
OTT00305,TV Show,Crime Stories 305,Director C,United Kingdom,2008-09-23,1992,TV-MA,1 Seasons,Crime,1,Seasons,2008.0
OTT00306,Movie,Drama Chronicles 306,Director C,South Korea,2008-11-14,2000,TV-14,127 min,Drama,127,Minutes,2008.0
OTT00307,Movie,Drama Files 307,Director B,South Korea,2017-10-22,2016,TV-PG,113 min,Drama,113,Minutes,2017.0
OTT00308,Movie,Drama Journey 308,Unknown,Brazil,2008-04-07,2001,TV-MA,115 min,Drama,115,Minutes,2008.0
OTT00309,Movie,Romance Collection 309,Unknown,India,2021-01-21,2017,PG-13,138 min,Romance,138,Minutes,2021.0
OTT00310,Movie,Drama Project 310,Director C,United States,2026-11-02,2022,TV-14,81 min,Drama,81,Minutes,2026.0
OTT00311,Movie,Horror Days 311,Director A,United Kingdom,2008-11-14,1992,R,92 min,Horror,92,Minutes,2008.0
OTT00312,Movie,Horror House 312,Director D,United Kingdom,2008-09-13,1990,TV-PG,108 min,Horror,108,Minutes,2008.0
OTT00313,Movie,Thriller Stories 313,Director A,Unknown,2025-11-05,2024,TV-Y7,92 min,Thriller,92,Minutes,2025.0
OTT00314,Movie,Romance Chronicles 314,Director C,United Kingdom,2014-09-19,2009,TV-MA,122 min,Romance,122,Minutes,2014.0
OTT00315,Movie,Documentary Files 315,Director A,United States,2016-12-02,2008,TV-MA,100 min,Documentary,100,Minutes,2016.0
OTT00316,Movie,Drama Journey 316,Director B,Australia,2008-11-03,2007,TV-14,83 min,Drama,83,Minutes,2008.0
OTT00317,Movie,Crime Collection 317,Director C,United States,2010-12-04,2006,TV-PG,106 min,Crime,106,Minutes,2010.0
OTT00318,TV Show,Drama Project 318,Director D,United States,2018-01-21,2015,TV-14,2 Seasons,Drama,2,Seasons,2018.0
OTT00319,Movie,Drama Days 319,Unknown,United States,2013-07-26,2011,PG,125 min,Drama,125,Minutes,2013.0
OTT00320,TV Show,Documentary House 320,Unknown,United States,2008-06-01,1996,TV-14,2 Seasons,Documentary,2,Seasons,2008.0
OTT00321,TV Show,Drama Stories 321,Director B,United States,2015-09-20,2013,TV-MA,2 Seasons,Drama,2,Seasons,2015.0
OTT00322,Movie,Action Chronicles 322,Director A,United States,2018-08-10,2014,TV-PG,112 min,Action,112,Minutes,2018.0
OTT00323,Movie,Crime Files 323,Director B,United States,2008-05-06,1994,PG,100 min,Crime,100,Minutes,2008.0
OTT00324,Movie,Family Journey 324,Director D,United States,2008-06-18,2003,TV-Y7,89 min,Family,89,Minutes,2008.0
OTT00325,TV Show,Romance Collection 325,Unknown,India,2019-06-25,2019,PG-13,2 Seasons,Romance,2,Seasons,2019.0
OTT00326,Movie,Family Project 326,Director A,India,2019-09-05,2012,R,97 min,Family,97,Minutes,2019.0
OTT00327,TV Show,Action Days 327,Director B,India,2008-10-18,1995,PG-13,4 Seasons,Action,4,Seasons,2008.0
OTT00328,Movie,Family House 328,Director C,Unknown,2008-03-02,1991,PG-13,134 min,Family,134,Minutes,2008.0
OTT00329,Movie,Thriller Stories 329,Unknown,United States,2017-11-09,2011,TV-14,118 min,Thriller,118,Minutes,2017.0
OTT00330,Movie,Comedy Chronicles 330,Director B,United States,2011-09-17,2007,R,113 min,Comedy,113,Minutes,2011.0
OTT00331,TV Show,Horror Files 331,Unknown,United States,2025-05-18,2025,PG,2 Seasons,Horror,2,Seasons,2025.0
OTT00332,Movie,Comedy Journey 332,Unknown,Canada,2017-05-06,2009,TV-14,77 min,Comedy,77,Minutes,2017.0
OTT00333,TV Show,Drama Collection 333,Director C,Brazil,2026-12-23,2024,PG-13,1 Seasons,Drama,1,Seasons,2026.0
OTT00334,TV Show,Comedy Project 334,Director C,Australia,2008-02-10,1997,TV-PG,2 Seasons,Comedy,2,Seasons,2008.0
OTT00335,Movie,Documentary Days 335,Unknown,United Kingdom,2013-02-04,2006,TV-PG,110 min,Documentary,110,Minutes,2013.0
OTT00336,Movie,Documentary House 336,Director B,United Kingdom,2008-06-24,1995,TV-MA,115 min,Documentary,115,Minutes,2008.0
OTT00337,Movie,Thriller Stories 337,Unknown,United States,2017-10-27,2011,PG-13,125 min,Thriller,125,Minutes,2017.0
OTT00338,TV Show,Sci-Fi Chronicles 338,Unknown,Canada,2008-07-02,1996,TV-Y7,1 Seasons,Sci-Fi,1,Seasons,2008.0
OTT00339,Movie,Documentary Files 339,Unknown,Canada,2013-04-12,2008,TV-MA,89 min,Documentary,89,Minutes,2013.0
OTT00340,TV Show,Thriller Journey 340,Director D,Spain,2008-09-11,2002,TV-14,4 Seasons,Thriller,4,Seasons,2008.0
OTT00341,Movie,Documentary Collection 341,Unknown,Germany,2008-12-16,1996,TV-MA,121 min,Documentary,121,Minutes,2008.0
OTT00342,TV Show,Family Project 342,Unknown,India,2008-01-06,1993,TV-MA,1 Seasons,Family,1,Seasons,2008.0
OTT00343,TV Show,Drama Days 343,Director A,Canada,2008-09-12,2008,NR,2 Seasons,Drama,2,Seasons,2008.0
OTT00344,Movie,Drama House 344,Director A,Spain,2025-03-19,2025,TV-PG,102 min,Drama,102,Minutes,2025.0
OTT00345,TV Show,Thriller Stories 345,Unknown,Unknown,2008-01-16,1997,TV-14,2 Seasons,Thriller,2,Seasons,2008.0
OTT00346,TV Show,Crime Chronicles 346,Director A,Australia,2008-10-05,2004,TV-14,2 Seasons,Crime,2,Seasons,2008.0
OTT00347,TV Show,Animation Files 347,Director C,United States,2008-01-09,1998,NR,6 Seasons,Animation,6,Seasons,2008.0
OTT00348,Movie,Romance Journey 348,Director A,Brazil,2020-10-07,2019,TV-14,109 min,Romance,109,Minutes,2020.0
OTT00349,Movie,Animation Collection 349,Director A,Canada,2011-02-17,2005,PG-13,119 min,Animation,119,Minutes,2011.0
OTT00350,Movie,Action Project 350,Director A,United States,2026-09-10,2026,TV-14,67 min,Action,67,Minutes,2026.0
OTT00351,Movie,Drama Days 351,Director D,Japan,2008-03-14,1999,TV-MA,94 min,Drama,94,Minutes,2008.0
OTT00352,Movie,Drama House 352,Director C,United States,2008-02-07,1992,PG-13,132 min,Drama,132,Minutes,2008.0
OTT00353,Movie,Drama Stories 353,Unknown,Canada,2012-01-12,2011,TV-MA,113 min,Drama,113,Minutes,2012.0
OTT00354,Movie,Documentary Chronicles 354,Director B,Canada,2015-06-25,2014,PG-13,55 min,Documentary,55,Minutes,2015.0
OTT00355,Movie,Thriller Files 355,Director D,United Kingdom,2026-09-17,2026,TV-14,119 min,Thriller,119,Minutes,2026.0
OTT00356,Movie,Documentary Journey 356,Unknown,France,2026-01-02,2022,PG-13,147 min,Documentary,147,Minutes,2026.0
OTT00357,TV Show,Thriller Collection 357,Unknown,United States,2025-10-19,2022,PG,1 Seasons,Thriller,1,Seasons,2025.0
OTT00358,TV Show,Action Project 358,Director B,United States,2018-06-07,2013,PG-13,4 Seasons,Action,4,Seasons,2018.0
OTT00359,Movie,Crime Days 359,Director A,India,2011-04-26,2003,TV-MA,55 min,Crime,55,Minutes,2011.0
OTT00360,Movie,Crime House 360,Director A,United States,2013-04-08,2005,PG-13,125 min,Crime,125,Minutes,2013.0
OTT00361,TV Show,Documentary Stories 361,Director D,India,2008-11-20,1994,NR,2 Seasons,Documentary,2,Seasons,2008.0
OTT00362,Movie,Documentary Chronicles 362,Director A,United States,2009-02-22,2005,TV-14,55 min,Documentary,55,Minutes,2009.0
OTT00363,Movie,Romance Files 363,Director C,India,2008-07-23,2003,TV-14,114 min,Romance,114,Minutes,2008.0
OTT00364,Movie,Romance Journey 364,Director A,India,2008-05-02,1991,PG,130 min,Romance,130,Minutes,2008.0
OTT00365,Movie,Documentary Collection 365,Director C,France,2008-03-05,1997,Unknown,113 min,Documentary,113,Minutes,2008.0
OTT00366,Movie,Documentary Project 366,Director C,United States,2014-09-01,2009,PG-13,117 min,Documentary,117,Minutes,2014.0
OTT00367,TV Show,Crime Days 367,Director D,Germany,2008-09-25,2003,PG-13,1 Seasons,Crime,1,Seasons,2008.0
OTT00368,Movie,Romance House 368,Unknown,India,2026-07-26,2026,TV-MA,64 min,Romance,64,Minutes,2026.0
OTT00369,Movie,Drama Stories 369,Unknown,India,2013-05-12,2007,R,120 min,Drama,120,Minutes,2013.0
OTT00370,TV Show,Action Chronicles 370,Director B,United Kingdom,2025-02-25,2025,R,4 Seasons,Action,4,Seasons,2025.0
OTT00371,TV Show,Sci-Fi Files 371,Unknown,India,2019-05-27,2014,TV-14,3 Seasons,Sci-Fi,3,Seasons,2019.0
OTT00372,Movie,Drama Journey 372,Director D,Unknown,2008-10-06,1991,TV-Y7,61 min,Drama,61,Minutes,2008.0
OTT00373,Movie,Family Collection 373,Unknown,United Kingdom,2008-08-26,1997,TV-MA,71 min,Family,71,Minutes,2008.0
OTT00374,Movie,Drama Project 374,Director D,United States,2021-06-24,2016,TV-14,86 min,Drama,86,Minutes,2021.0
OTT00375,Movie,Thriller Days 375,Director C,India,2010-10-26,2010,TV-Y7,69 min,Thriller,69,Minutes,2010.0
OTT00376,Movie,Action House 376,Director A,United Kingdom,2008-05-24,2001,TV-MA,105 min,Action,105,Minutes,2008.0
OTT00377,TV Show,Drama Stories 377,Director A,India,2015-02-10,2009,PG,2 Seasons,Drama,2,Seasons,2015.0
OTT00378,Movie,Horror Chronicles 378,Director A,Spain,2026-06-13,2023,TV-MA,73 min,Horror,73,Minutes,2026.0
OTT00379,Movie,Action Files 379,Director A,United States,2009-08-26,2004,TV-PG,122 min,Action,122,Minutes,2009.0
OTT00380,TV Show,Reality Journey 380,Director C,Mexico,2008-01-25,1991,TV-MA,3 Seasons,Reality,3,Seasons,2008.0
OTT00381,Movie,Comedy Collection 381,Director B,Unknown,2008-05-01,2001,PG-13,92 min,Comedy,92,Minutes,2008.0
OTT00382,TV Show,Sci-Fi Project 382,Director D,Mexico,2026-01-19,2024,PG,1 Seasons,Sci-Fi,1,Seasons,2026.0
OTT00383,TV Show,Horror Days 383,Director C,Spain,2025-03-23,2018,Unknown,1 Seasons,Horror,1,Seasons,2025.0
OTT00384,Movie,Thriller House 384,Unknown,United States,2026-02-16,2020,NR,97 min,Thriller,97,Minutes,2026.0
OTT00385,Movie,Comedy Stories 385,Unknown,United Kingdom,2025-07-20,2023,PG-13,105 min,Comedy,105,Minutes,2025.0
OTT00386,TV Show,Crime Chronicles 386,Director D,United States,2008-02-10,1994,PG,2 Seasons,Crime,2,Seasons,2008.0
OTT00387,TV Show,Thriller Files 387,Director A,Spain,2008-08-07,2000,TV-PG,2 Seasons,Thriller,2,Seasons,2008.0
OTT00388,TV Show,Horror Journey 388,Director D,United Kingdom,2008-03-20,1992,TV-Y,2 Seasons,Horror,2,Seasons,2008.0
OTT00389,Movie,Action Collection 389,Director B,United States,2008-07-17,1990,PG-13,99 min,Action,99,Minutes,2008.0
OTT00390,TV Show,Comedy Project 390,Director A,Australia,2020-07-08,2020,TV-Y7,2 Seasons,Comedy,2,Seasons,2020.0
OTT00391,Movie,Drama Days 391,Unknown,United States,2026-02-12,2024,TV-14,127 min,Drama,127,Minutes,2026.0
OTT00392,Movie,Crime House 392,Director B,United Kingdom,2008-10-14,1995,TV-PG,102 min,Crime,102,Minutes,2008.0
OTT00393,Movie,Reality Stories 393,Director B,South Korea,2019-11-20,2016,PG-13,111 min,Reality,111,Minutes,2019.0
OTT00394,TV Show,Drama Chronicles 394,Unknown,United States,2017-11-16,2009,TV-MA,1 Seasons,Drama,1,Seasons,2017.0
OTT00395,Movie,Animation Files 395,Director C,United Kingdom,2008-09-10,1992,TV-MA,90 min,Animation,90,Minutes,2008.0
OTT00396,Movie,Horror Journey 396,Director C,Spain,2026-10-09,2023,NR,116 min,Horror,116,Minutes,2026.0
OTT00397,TV Show,Drama Collection 397,Director A,United States,2026-09-24,2022,TV-PG,1 Seasons,Drama,1,Seasons,2026.0
OTT00398,Movie,Drama Project 398,Director B,United Kingdom,2016-01-14,2010,TV-MA,113 min,Drama,113,Minutes,2016.0
OTT00399,Movie,Crime Days 399,Director A,United States,2020-03-23,2016,TV-14,105 min,Crime,105,Minutes,2020.0
OTT00400,Movie,Romance House 400,Director A,Japan,2012-01-12,2004,Unknown,98 min,Romance,98,Minutes,2012.0
OTT00401,Movie,Drama Stories 401,Unknown,United States,2019-11-13,2019,R,97 min,Drama,97,Minutes,2019.0
OTT00402,TV Show,Family Chronicles 402,Unknown,Australia,2012-10-06,2006,TV-Y,1 Seasons,Family,1,Seasons,2012.0
OTT00403,TV Show,Thriller Files 403,Director D,Germany,2026-03-27,2026,NR,1 Seasons,Thriller,1,Seasons,2026.0
OTT00404,Movie,Sci-Fi Journey 404,Director C,United States,2008-06-19,1992,PG-13,113 min,Sci-Fi,113,Minutes,2008.0
OTT00405,TV Show,Sci-Fi Collection 405,Director B,India,2008-05-21,1996,Unknown,2 Seasons,Sci-Fi,2,Seasons,2008.0
OTT00406,TV Show,Family Project 406,Unknown,United Kingdom,2026-10-19,2025,TV-14,3 Seasons,Family,3,Seasons,2026.0
OTT00407,Movie,Thriller Days 407,Unknown,South Korea,2008-01-16,2000,TV-Y7,93 min,Thriller,93,Minutes,2008.0
OTT00408,TV Show,Comedy House 408,Director C,India,2008-05-09,2001,TV-MA,5 Seasons,Comedy,5,Seasons,2008.0
OTT00409,Movie,Thriller Stories 409,Director D,United States,2024-07-24,2019,TV-MA,96 min,Thriller,96,Minutes,2024.0
OTT00410,TV Show,Drama Chronicles 410,Director D,United States,2008-02-07,1997,NR,1 Seasons,Drama,1,Seasons,2008.0
OTT00411,Movie,Crime Files 411,Director C,Brazil,2009-08-21,2009,TV-Y7,83 min,Crime,83,Minutes,2009.0
OTT00412,Movie,Drama Journey 412,Unknown,India,2008-05-05,2000,TV-14,66 min,Drama,66,Minutes,2008.0
OTT00413,Movie,Thriller Collection 413,Unknown,France,2008-06-12,1997,PG-13,138 min,Thriller,138,Minutes,2008.0
OTT00414,TV Show,Drama Project 414,Director A,India,2026-04-27,2025,TV-PG,4 Seasons,Drama,4,Seasons,2026.0
OTT00415,Movie,Documentary Days 415,Director B,Australia,2008-03-15,1997,TV-14,118 min,Documentary,118,Minutes,2008.0
OTT00416,Movie,Comedy House 416,Director A,United States,2008-05-13,1993,TV-14,85 min,Comedy,85,Minutes,2008.0
OTT00417,Movie,Romance Stories 417,Unknown,United States,2017-02-14,2014,TV-MA,144 min,Romance,144,Minutes,2017.0
OTT00418,TV Show,Animation Chronicles 418,Director A,Australia,2026-10-07,2022,R,1 Seasons,Animation,1,Seasons,2026.0
OTT00419,Movie,Drama Files 419,Unknown,Australia,2008-08-27,1994,TV-PG,99 min,Drama,99,Minutes,2008.0
OTT00420,TV Show,Family Journey 420,Director A,United States,2019-09-17,2016,TV-PG,4 Seasons,Family,4,Seasons,2019.0
OTT00421,Movie,Sci-Fi Collection 421,Director A,India,2015-08-16,2010,TV-MA,119 min,Sci-Fi,119,Minutes,2015.0
OTT00422,Movie,Documentary Project 422,Director A,India,2026-07-23,2020,G,153 min,Documentary,153,Minutes,2026.0
OTT00423,Movie,Crime Days 423,Unknown,India,2008-03-05,1994,R,110 min,Crime,110,Minutes,2008.0
OTT00424,Movie,Action House 424,Director C,United States,2026-03-03,2026,TV-Y,96 min,Action,96,Minutes,2026.0
OTT00425,Movie,Drama Stories 425,Director B,Germany,2014-09-02,2012,TV-MA,91 min,Drama,91,Minutes,2014.0
OTT00426,TV Show,Thriller Chronicles 426,Director B,United States,2022-11-27,2021,R,1 Seasons,Thriller,1,Seasons,2022.0
OTT00427,Movie,Drama Files 427,Director A,South Korea,2008-01-24,2003,TV-Y7,98 min,Drama,98,Minutes,2008.0
OTT00428,TV Show,Sci-Fi Journey 428,Director A,United States,2026-11-15,2024,TV-14,3 Seasons,Sci-Fi,3,Seasons,2026.0
OTT00429,Movie,Horror Collection 429,Director B,United States,2020-03-26,2013,TV-MA,118 min,Horror,118,Minutes,2020.0
OTT00430,TV Show,Family Project 430,Director A,Japan,2008-09-05,1994,TV-14,2 Seasons,Family,2,Seasons,2008.0
OTT00431,TV Show,Thriller Days 431,Director D,India,2025-01-20,2024,TV-14,1 Seasons,Thriller,1,Seasons,2025.0
OTT00432,TV Show,Thriller House 432,Director D,Japan,2021-06-01,2019,TV-PG,2 Seasons,Thriller,2,Seasons,2021.0
OTT00433,TV Show,Reality Stories 433,Director B,United States,2008-12-23,2001,TV-14,3 Seasons,Reality,3,Seasons,2008.0
OTT00434,TV Show,Comedy Chronicles 434,Director C,Australia,2011-05-17,2010,TV-14,2 Seasons,Comedy,2,Seasons,2011.0
OTT00435,Movie,Drama Files 435,Director B,South Korea,2008-08-08,2004,PG-13,108 min,Drama,108,Minutes,2008.0
OTT00436,Movie,Thriller Journey 436,Unknown,France,2011-02-20,2010,TV-MA,87 min,Thriller,87,Minutes,2011.0
OTT00437,Movie,Documentary Collection 437,Director A,Unknown,2026-09-26,2025,TV-14,124 min,Documentary,124,Minutes,2026.0
OTT00438,Movie,Documentary Project 438,Unknown,India,2024-10-10,2023,PG-13,55 min,Documentary,55,Minutes,2024.0
OTT00439,TV Show,Drama Days 439,Director B,Unknown,2008-05-20,1997,TV-MA,2 Seasons,Drama,2,Seasons,2008.0
OTT00440,Movie,Romance House 440,Director B,United Kingdom,2026-12-16,2025,TV-14,161 min,Romance,161,Minutes,2026.0
OTT00441,TV Show,Comedy Stories 441,Director D,United States,2009-11-06,2006,TV-MA,1 Seasons,Comedy,1,Seasons,2009.0
OTT00442,Movie,Comedy Chronicles 442,Unknown,United States,2016-01-10,2016,TV-MA,99 min,Comedy,99,Minutes,2016.0
OTT00443,TV Show,Drama Files 443,Director B,India,2018-10-19,2018,TV-PG,2 Seasons,Drama,2,Seasons,2018.0
OTT00444,Movie,Documentary Journey 444,Director C,United States,2009-12-12,2007,TV-MA,94 min,Documentary,94,Minutes,2009.0
OTT00445,Movie,Sci-Fi Collection 445,Director D,Unknown,2010-12-25,2006,TV-14,127 min,Sci-Fi,127,Minutes,2010.0
OTT00446,TV Show,Documentary Project 446,Unknown,United States,2010-03-23,2006,NR,2 Seasons,Documentary,2,Seasons,2010.0
OTT00447,TV Show,Crime Days 447,Director B,Unknown,2023-01-12,2021,TV-Y,2 Seasons,Crime,2,Seasons,2023.0
OTT00448,Movie,Animation House 448,Director C,Japan,2008-01-02,2004,TV-MA,122 min,Animation,122,Minutes,2008.0
OTT00449,Movie,Documentary Stories 449,Director D,India,2008-04-09,2000,Unknown,105 min,Documentary,105,Minutes,2008.0
OTT00450,Movie,Family Chronicles 450,Director B,India,2008-04-08,2003,TV-PG,174 min,Family,174,Minutes,2008.0
OTT00451,Movie,Crime Files 451,Director B,United Kingdom,2008-09-10,1997,TV-Y7,108 min,Crime,108,Minutes,2008.0
OTT00452,TV Show,Thriller Journey 452,Unknown,Canada,2008-08-16,2004,PG,2 Seasons,Thriller,2,Seasons,2008.0
OTT00453,TV Show,Drama Collection 453,Director B,India,2008-12-06,1994,TV-MA,1 Seasons,Drama,1,Seasons,2008.0
OTT00454,Movie,Drama Project 454,Unknown,United Kingdom,,1993,TV-MA,93 min,Drama,93,Minutes,
OTT00455,Movie,Reality Days 455,Director C,Mexico,2022-03-15,2016,TV-PG,130 min,Reality,130,Minutes,2022.0
OTT00456,Movie,Animation House 456,Director C,United Kingdom,2008-07-24,1992,TV-Y7,75 min,Animation,75,Minutes,2008.0
OTT00457,TV Show,Horror Stories 457,Director C,Germany,2015-04-27,2011,TV-Y7,1 Seasons,Horror,1,Seasons,2015.0
OTT00458,Movie,Sci-Fi Chronicles 458,Unknown,Canada,2024-08-06,2018,TV-MA,105 min,Sci-Fi,105,Minutes,2024.0
OTT00459,TV Show,Drama Files 459,Director B,United States,2019-04-10,2016,R,4 Seasons,Drama,4,Seasons,2019.0
OTT00460,Movie,Animation Journey 460,Director B,India,2011-07-15,2006,TV-MA,105 min,Animation,105,Minutes,2011.0
OTT00461,Movie,Action Collection 461,Director A,South Korea,2008-04-07,1997,PG-13,97 min,Action,97,Minutes,2008.0
OTT00462,Movie,Animation Project 462,Director B,Brazil,2026-05-19,2024,TV-Y,64 min,Animation,64,Minutes,2026.0
OTT00463,TV Show,Drama Days 463,Director D,India,,2020,TV-PG,2 Seasons,Drama,2,Seasons,
OTT00464,Movie,Comedy House 464,Director A,United States,2015-02-11,2012,TV-MA,119 min,Comedy,119,Minutes,2015.0
OTT00465,Movie,Animation Stories 465,Unknown,United Kingdom,2008-09-19,1993,R,65 min,Animation,65,Minutes,2008.0
OTT00466,TV Show,Animation Chronicles 466,Director C,United States,,1991,TV-PG,3 Seasons,Animation,3,Seasons,
OTT00467,Movie,Romance Files 467,Director A,South Korea,2008-12-25,2001,PG,121 min,Romance,121,Minutes,2008.0
OTT00468,TV Show,Documentary Journey 468,Unknown,United Kingdom,2008-03-16,1995,TV-14,3 Seasons,Documentary,3,Seasons,2008.0
OTT00469,Movie,Documentary Collection 469,Director C,South Korea,2026-04-11,2021,TV-Y7,117 min,Documentary,117,Minutes,2026.0
OTT00470,Movie,Reality Project 470,Director B,France,2008-12-21,1997,TV-14,119 min,Reality,119,Minutes,2008.0
OTT00471,Movie,Action Days 471,Unknown,Japan,2008-03-01,2000,TV-MA,116 min,Action,116,Minutes,2008.0
OTT00472,Movie,Action House 472,Director B,Unknown,2026-02-26,2026,TV-14,124 min,Action,124,Minutes,2026.0
OTT00473,Movie,Thriller Stories 473,Director B,South Korea,2026-09-12,2020,TV-MA,64 min,Thriller,64,Minutes,2026.0
OTT00474,Movie,Action Chronicles 474,Director C,Spain,2008-05-22,1998,TV-14,71 min,Action,71,Minutes,2008.0
OTT00475,Movie,Thriller Files 475,Director D,France,2012-12-23,2004,PG-13,88 min,Thriller,88,Minutes,2012.0
OTT00476,Movie,Action Journey 476,Unknown,United States,2009-08-25,2009,Unknown,102 min,Action,102,Minutes,2009.0
OTT00477,Movie,Family Collection 477,Unknown,Unknown,2022-02-15,2014,TV-MA,113 min,Family,113,Minutes,2022.0
OTT00478,Movie,Sci-Fi Project 478,Unknown,Unknown,2024-10-06,2024,TV-MA,112 min,Sci-Fi,112,Minutes,2024.0
OTT00479,Movie,Horror Days 479,Director B,France,2026-12-06,2022,TV-MA,129 min,Horror,129,Minutes,2026.0
OTT00480,Movie,Thriller House 480,Unknown,Japan,2026-02-27,2026,TV-Y7,130 min,Thriller,130,Minutes,2026.0
OTT00481,Movie,Action Stories 481,Director B,India,2008-09-17,1991,G,85 min,Action,85,Minutes,2008.0
OTT00482,Movie,Crime Chronicles 482,Director B,United States,2008-12-11,1998,TV-MA,110 min,Crime,110,Minutes,2008.0
OTT00483,Movie,Family Files 483,Unknown,India,2010-09-10,2010,PG,86 min,Family,86,Minutes,2010.0
OTT00484,Movie,Thriller Journey 484,Director C,South Korea,2008-04-26,1991,PG-13,100 min,Thriller,100,Minutes,2008.0
OTT00485,Movie,Crime Collection 485,Director B,United States,2009-02-27,2003,NR,112 min,Crime,112,Minutes,2009.0
OTT00486,Movie,Animation Project 486,Director D,United States,2008-10-17,1995,TV-14,55 min,Animation,55,Minutes,2008.0
OTT00487,Movie,Crime Days 487,Director A,Germany,2026-01-02,2024,TV-14,158 min,Crime,158,Minutes,2026.0
OTT00488,Movie,Animation House 488,Unknown,Canada,2008-02-16,1992,TV-PG,117 min,Animation,117,Minutes,2008.0
OTT00489,Movie,Comedy Stories 489,Director B,United States,2008-10-22,1995,TV-Y7,91 min,Comedy,91,Minutes,2008.0
OTT00490,Movie,Thriller Chronicles 490,Director B,United States,2008-12-22,1997,PG-13,147 min,Thriller,147,Minutes,2008.0
OTT00491,TV Show,Romance Files 491,Director B,Mexico,2008-02-25,1995,TV-PG,1 Seasons,Romance,1,Seasons,2008.0
OTT00492,Movie,Drama Journey 492,Director B,South Korea,2013-05-04,2011,TV-14,107 min,Drama,107,Minutes,2013.0
OTT00493,Movie,Family Collection 493,Director D,United Kingdom,2010-02-05,2003,PG-13,94 min,Family,94,Minutes,2010.0
OTT00494,Movie,Romance Project 494,Unknown,United States,2026-06-18,2023,TV-Y7,141 min,Romance,141,Minutes,2026.0
OTT00495,TV Show,Drama Days 495,Director A,United States,2008-07-06,1999,TV-14,2 Seasons,Drama,2,Seasons,2008.0
OTT00496,Movie,Family House 496,Unknown,United States,2014-04-17,2009,PG-13,108 min,Family,108,Minutes,2014.0
OTT00497,Movie,Crime Stories 497,Unknown,South Korea,2016-01-03,2014,TV-PG,131 min,Crime,131,Minutes,2016.0
OTT00498,Movie,Animation Chronicles 498,Unknown,United States,2018-04-15,2013,TV-PG,117 min,Animation,117,Minutes,2018.0
OTT00499,Movie,Action Files 499,Director D,United States,2023-10-11,2019,R,103 min,Action,103,Minutes,2023.0
OTT00500,Movie,Family Journey 500,Director A,South Korea,2008-01-26,1997,PG,129 min,Family,129,Minutes,2008.0
OTT00501,TV Show,Action Collection 501,Unknown,Australia,2016-04-10,2008,NR,6 Seasons,Action,6,Seasons,2016.0
OTT00502,TV Show,Thriller Project 502,Unknown,Canada,2019-05-05,2019,TV-PG,2 Seasons,Thriller,2,Seasons,2019.0
OTT00503,TV Show,Drama Days 503,Director A,India,2026-10-02,2021,TV-14,2 Seasons,Drama,2,Seasons,2026.0
OTT00504,Movie,Romance House 504,Director B,India,2013-01-02,2012,TV-14,108 min,Romance,108,Minutes,2013.0
OTT00505,Movie,Crime Stories 505,Director B,India,2016-02-04,2014,TV-MA,133 min,Crime,133,Minutes,2016.0
OTT00506,TV Show,Thriller Chronicles 506,Director D,India,2022-08-23,2021,TV-14,1 Seasons,Thriller,1,Seasons,2022.0
OTT00507,Movie,Thriller Files 507,Director D,United Kingdom,2013-10-06,2013,TV-MA,98 min,Thriller,98,Minutes,2013.0
OTT00508,TV Show,Family Journey 508,Director D,India,2026-08-07,2025,TV-PG,1 Seasons,Family,1,Seasons,2026.0
OTT00509,Movie,Crime Collection 509,Director D,United Kingdom,2008-01-16,1994,TV-MA,78 min,Crime,78,Minutes,2008.0
OTT00510,Movie,Comedy Project 510,Director B,Germany,2010-01-03,2002,Unknown,93 min,Comedy,93,Minutes,2010.0
OTT00511,Movie,Reality Days 511,Unknown,Unknown,2008-06-26,1994,PG,103 min,Reality,103,Minutes,2008.0
OTT00512,TV Show,Crime House 512,Director D,United States,2008-07-27,1993,TV-14,4 Seasons,Crime,4,Seasons,2008.0
OTT00513,Movie,Reality Stories 513,Unknown,India,2014-12-06,2007,R,116 min,Reality,116,Minutes,2014.0
OTT00514,Movie,Reality Chronicles 514,Director D,United States,2008-10-10,1998,TV-Y,84 min,Reality,84,Minutes,2008.0
OTT00515,Movie,Horror Files 515,Director C,India,2009-05-05,2005,R,88 min,Horror,88,Minutes,2009.0
OTT00516,Movie,Animation Journey 516,Unknown,United States,2014-09-20,2006,TV-MA,135 min,Animation,135,Minutes,2014.0
OTT00517,Movie,Romance Collection 517,Director B,United States,2015-08-11,2012,TV-14,129 min,Romance,129,Minutes,2015.0
OTT00518,TV Show,Comedy Project 518,Director B,Canada,2026-11-21,2024,R,2 Seasons,Comedy,2,Seasons,2026.0
OTT00519,Movie,Thriller Days 519,Unknown,India,2026-10-09,2021,TV-PG,95 min,Thriller,95,Minutes,2026.0
OTT00520,TV Show,Animation House 520,Director C,Germany,2008-01-17,2003,TV-MA,3 Seasons,Animation,3,Seasons,2008.0
OTT00521,TV Show,Thriller Stories 521,Unknown,United States,2008-02-14,2002,TV-PG,1 Seasons,Thriller,1,Seasons,2008.0
OTT00522,Movie,Sci-Fi Chronicles 522,Director A,Unknown,2024-08-05,2018,R,113 min,Sci-Fi,113,Minutes,2024.0
OTT00523,Movie,Drama Files 523,Director B,India,2008-05-25,1994,TV-14,154 min,Drama,154,Minutes,2008.0
OTT00524,Movie,Action Journey 524,Director B,United States,2011-09-07,2009,R,109 min,Action,109,Minutes,2011.0
OTT00525,Movie,Thriller Collection 525,Director D,United States,2008-12-26,2005,TV-MA,87 min,Thriller,87,Minutes,2008.0
OTT00526,Movie,Action Project 526,Director B,Brazil,2008-09-01,1996,TV-14,114 min,Action,114,Minutes,2008.0
OTT00527,TV Show,Drama Days 527,Director D,United States,2017-10-12,2012,PG,1 Seasons,Drama,1,Seasons,2017.0
OTT00528,TV Show,Drama House 528,Director D,United States,2008-01-08,2001,TV-14,1 Seasons,Drama,1,Seasons,2008.0
OTT00529,TV Show,Family Stories 529,Director A,United Kingdom,2008-02-10,1996,R,3 Seasons,Family,3,Seasons,2008.0
OTT00530,Movie,Action Chronicles 530,Director D,United Kingdom,2020-02-11,2014,TV-PG,129 min,Action,129,Minutes,2020.0
OTT00531,TV Show,Drama Files 531,Director A,United Kingdom,2008-07-13,1996,TV-14,1 Seasons,Drama,1,Seasons,2008.0
OTT00532,TV Show,Drama Journey 532,Director D,India,2021-10-04,2014,TV-Y,1 Seasons,Drama,1,Seasons,2021.0
OTT00533,Movie,Action Collection 533,Director D,Spain,2008-06-19,1995,TV-14,83 min,Action,83,Minutes,2008.0
OTT00534,Movie,Drama Project 534,Director B,United States,2014-02-27,2006,TV-14,101 min,Drama,101,Minutes,2014.0
OTT00535,Movie,Crime Days 535,Unknown,India,2024-04-09,2019,TV-Y,92 min,Crime,92,Minutes,2024.0
OTT00536,Movie,Animation House 536,Director A,Unknown,2008-03-09,1998,PG-13,82 min,Animation,82,Minutes,2008.0
OTT00537,Movie,Comedy Stories 537,Director A,France,2021-07-15,2018,PG-13,146 min,Comedy,146,Minutes,2021.0
OTT00538,Movie,Romance Chronicles 538,Unknown,India,2022-02-24,2016,TV-MA,115 min,Romance,115,Minutes,2022.0
OTT00539,Movie,Drama Files 539,Director B,United Kingdom,2025-10-12,2023,Unknown,117 min,Drama,117,Minutes,2025.0
OTT00540,TV Show,Documentary Journey 540,Director A,United States,2008-01-15,1996,R,3 Seasons,Documentary,3,Seasons,2008.0
OTT00541,TV Show,Sci-Fi Collection 541,Director A,United States,2021-10-26,2016,TV-MA,3 Seasons,Sci-Fi,3,Seasons,2021.0
OTT00542,Movie,Thriller Project 542,Unknown,United States,2026-10-06,2024,TV-14,95 min,Thriller,95,Minutes,2026.0
OTT00543,TV Show,Sci-Fi Days 543,Director D,South Korea,2021-01-16,2018,PG,2 Seasons,Sci-Fi,2,Seasons,2021.0
OTT00544,TV Show,Comedy House 544,Unknown,United States,2008-10-13,1996,TV-14,1 Seasons,Comedy,1,Seasons,2008.0
OTT00545,Movie,Documentary Stories 545,Director A,South Korea,2020-02-18,2020,TV-MA,114 min,Documentary,114,Minutes,2020.0
OTT00546,Movie,Action Chronicles 546,Director A,United States,2008-09-16,1993,TV-MA,112 min,Action,112,Minutes,2008.0
OTT00547,Movie,Action Files 547,Director A,France,2018-04-19,2011,TV-PG,96 min,Action,96,Minutes,2018.0
OTT00548,Movie,Reality Journey 548,Unknown,Spain,2015-05-03,2008,R,75 min,Reality,75,Minutes,2015.0
OTT00549,TV Show,Drama Collection 549,Director B,United States,,2009,TV-Y7,2 Seasons,Drama,2,Seasons,
OTT00550,Movie,Family Project 550,Director A,United States,2012-03-16,2009,TV-MA,100 min,Family,100,Minutes,2012.0
OTT00551,Movie,Sci-Fi Days 551,Director D,United States,2008-12-10,1991,TV-MA,63 min,Sci-Fi,63,Minutes,2008.0
OTT00552,Movie,Thriller House 552,Unknown,France,2013-03-14,2008,R,116 min,Thriller,116,Minutes,2013.0
OTT00553,Movie,Documentary Stories 553,Director C,United States,2024-09-04,2024,TV-14,126 min,Documentary,126,Minutes,2024.0
OTT00554,TV Show,Thriller Chronicles 554,Unknown,United Kingdom,2008-01-02,2006,TV-PG,5 Seasons,Thriller,5,Seasons,2008.0
OTT00555,Movie,Documentary Files 555,Unknown,India,2008-05-24,2000,TV-Y,96 min,Documentary,96,Minutes,2008.0
OTT00556,Movie,Animation Journey 556,Unknown,Canada,2026-09-06,2026,R,93 min,Animation,93,Minutes,2026.0
OTT00557,Movie,Thriller Collection 557,Director C,India,2008-08-22,1993,TV-PG,80 min,Thriller,80,Minutes,2008.0
OTT00558,Movie,Horror Project 558,Director D,United Kingdom,2013-10-04,2007,NR,109 min,Horror,109,Minutes,2013.0
OTT00559,Movie,Romance Days 559,Unknown,Brazil,2009-01-05,2008,TV-MA,109 min,Romance,109,Minutes,2009.0
OTT00560,Movie,Thriller House 560,Director A,United States,2014-09-25,2007,G,87 min,Thriller,87,Minutes,2014.0
OTT00561,Movie,Crime Stories 561,Director C,Spain,2026-06-11,2024,TV-PG,101 min,Crime,101,Minutes,2026.0
OTT00562,Movie,Thriller Chronicles 562,Unknown,United States,2008-11-27,2005,TV-PG,61 min,Thriller,61,Minutes,2008.0
OTT00563,TV Show,Sci-Fi Files 563,Director A,India,2026-04-21,2026,TV-Y,3 Seasons,Sci-Fi,3,Seasons,2026.0
OTT00564,Movie,Comedy Journey 564,Director B,Germany,2008-04-04,1992,TV-PG,88 min,Comedy,88,Minutes,2008.0
OTT00565,Movie,Reality Collection 565,Director B,Japan,2021-05-15,2017,TV-PG,104 min,Reality,104,Minutes,2021.0
OTT00566,Movie,Family Project 566,Unknown,Japan,2014-11-11,2011,TV-14,73 min,Family,73,Minutes,2014.0
OTT00567,TV Show,Sci-Fi Days 567,Director C,United States,2008-07-16,1998,PG-13,1 Seasons,Sci-Fi,1,Seasons,2008.0
OTT00568,Movie,Action House 568,Director D,India,2008-03-23,1998,R,98 min,Action,98,Minutes,2008.0
OTT00569,Movie,Family Stories 569,Unknown,India,2019-05-12,2016,TV-MA,104 min,Family,104,Minutes,2019.0
OTT00570,Movie,Documentary Chronicles 570,Director C,United Kingdom,2015-02-16,2013,PG-13,115 min,Documentary,115,Minutes,2015.0
OTT00571,Movie,Animation Files 571,Director A,India,2016-11-09,2012,PG-13,136 min,Animation,136,Minutes,2016.0
OTT00572,TV Show,Drama Journey 572,Director A,India,2008-05-11,1991,TV-14,3 Seasons,Drama,3,Seasons,2008.0
OTT00573,Movie,Documentary Collection 573,Unknown,United States,2012-04-16,2012,TV-MA,126 min,Documentary,126,Minutes,2012.0
OTT00574,TV Show,Action Project 574,Director B,United States,2026-08-16,2026,TV-PG,4 Seasons,Action,4,Seasons,2026.0
OTT00575,TV Show,Documentary Days 575,Director D,India,2008-02-12,1990,TV-MA,3 Seasons,Documentary,3,Seasons,2008.0
OTT00576,Movie,Action House 576,Director B,United States,2015-01-19,2007,TV-MA,104 min,Action,104,Minutes,2015.0
OTT00577,TV Show,Family Stories 577,Director A,France,,2008,TV-PG,3 Seasons,Family,3,Seasons,
OTT00578,Movie,Comedy Chronicles 578,Director C,United Kingdom,2025-09-21,2023,TV-MA,128 min,Comedy,128,Minutes,2025.0
OTT00579,TV Show,Animation Files 579,Unknown,Unknown,2008-11-22,2000,TV-14,3 Seasons,Animation,3,Seasons,2008.0
OTT00580,Movie,Drama Journey 580,Director C,Unknown,2013-08-05,2007,PG-13,72 min,Drama,72,Minutes,2013.0
OTT00581,Movie,Animation Collection 581,Director C,France,2024-07-23,2016,TV-14,86 min,Animation,86,Minutes,2024.0
OTT00582,Movie,Animation Project 582,Unknown,United States,2008-12-23,1992,NR,98 min,Animation,98,Minutes,2008.0
OTT00583,Movie,Action Days 583,Director A,United States,2021-04-20,2019,TV-Y,122 min,Action,122,Minutes,2021.0
OTT00584,Movie,Crime House 584,Unknown,United States,2026-09-19,2020,R,104 min,Crime,104,Minutes,2026.0
OTT00585,TV Show,Horror Stories 585,Director D,United States,2022-02-14,2016,NR,3 Seasons,Horror,3,Seasons,2022.0
OTT00586,Movie,Family Chronicles 586,Unknown,Canada,2018-08-08,2013,TV-Y7,133 min,Family,133,Minutes,2018.0
OTT00587,Movie,Action Files 587,Director A,Brazil,2017-04-23,2017,TV-14,131 min,Action,131,Minutes,2017.0
OTT00588,Movie,Action Journey 588,Unknown,United States,2024-12-24,2018,PG-13,131 min,Action,131,Minutes,2024.0
OTT00589,Movie,Animation Collection 589,Director B,South Korea,2023-01-03,2023,TV-MA,82 min,Animation,82,Minutes,2023.0
OTT00590,Movie,Documentary Project 590,Director B,United States,2013-01-23,2005,PG-13,115 min,Documentary,115,Minutes,2013.0
OTT00591,TV Show,Family Days 591,Director D,United Kingdom,2013-08-27,2006,TV-PG,1 Seasons,Family,1,Seasons,2013.0
OTT00592,Movie,Documentary House 592,Director B,South Korea,2018-04-15,2013,TV-MA,68 min,Documentary,68,Minutes,2018.0
OTT00593,Movie,Family Stories 593,Director D,India,2008-07-07,1997,TV-14,98 min,Family,98,Minutes,2008.0
OTT00594,Movie,Drama Chronicles 594,Unknown,United States,2021-07-16,2021,NR,134 min,Drama,134,Minutes,2021.0
OTT00595,Movie,Drama Files 595,Unknown,Unknown,2025-03-01,2018,TV-14,115 min,Drama,115,Minutes,2025.0
OTT00596,Movie,Reality Journey 596,Unknown,Brazil,2015-06-18,2013,TV-MA,149 min,Reality,149,Minutes,2015.0
OTT00597,TV Show,Sci-Fi Collection 597,Director D,United States,2008-08-22,2001,TV-MA,2 Seasons,Sci-Fi,2,Seasons,2008.0
OTT00598,Movie,Sci-Fi Project 598,Director B,United States,2008-05-22,2002,TV-PG,158 min,Sci-Fi,158,Minutes,2008.0
OTT00599,TV Show,Reality Days 599,Unknown,United States,2014-03-05,2006,TV-Y7,2 Seasons,Reality,2,Seasons,2014.0
OTT00600,Movie,Action House 600,Director D,United Kingdom,2018-09-09,2014,PG-13,105 min,Action,105,Minutes,2018.0
OTT00601,Movie,Comedy Stories 601,Director B,United Kingdom,2022-06-12,2018,TV-PG,76 min,Comedy,76,Minutes,2022.0
OTT00602,TV Show,Drama Chronicles 602,Unknown,Canada,,2014,TV-MA,3 Seasons,Drama,3,Seasons,
OTT00603,TV Show,Thriller Files 603,Director B,South Korea,2026-08-19,2024,TV-MA,1 Seasons,Thriller,1,Seasons,2026.0
OTT00604,TV Show,Comedy Journey 604,Director A,Germany,2026-04-22,2025,TV-PG,1 Seasons,Comedy,1,Seasons,2026.0
OTT00605,TV Show,Horror Collection 605,Unknown,Canada,2024-08-03,2016,PG,4 Seasons,Horror,4,Seasons,2024.0
OTT00606,TV Show,Drama Project 606,Director A,United States,2008-04-27,2003,PG-13,3 Seasons,Drama,3,Seasons,2008.0
OTT00607,TV Show,Drama Days 607,Director A,United Kingdom,2018-07-03,2012,TV-PG,3 Seasons,Drama,3,Seasons,2018.0
OTT00608,Movie,Comedy House 608,Unknown,United States,2011-04-25,2005,R,97 min,Comedy,97,Minutes,2011.0
OTT00609,TV Show,Comedy Stories 609,Director D,India,2020-09-15,2013,TV-PG,2 Seasons,Comedy,2,Seasons,2020.0
OTT00610,Movie,Comedy Chronicles 610,Unknown,Australia,2026-06-18,2020,R,103 min,Comedy,103,Minutes,2026.0
OTT00611,Movie,Crime Files 611,Director D,Japan,2011-05-23,2003,TV-PG,122 min,Crime,122,Minutes,2011.0
OTT00612,Movie,Documentary Journey 612,Director D,Mexico,2014-07-14,2008,PG-13,139 min,Documentary,139,Minutes,2014.0
OTT00613,TV Show,Romance Collection 613,Director B,India,2008-01-14,1991,TV-PG,2 Seasons,Romance,2,Seasons,2008.0
OTT00614,TV Show,Sci-Fi Project 614,Director C,Unknown,2023-10-10,2017,G,5 Seasons,Sci-Fi,5,Seasons,2023.0
OTT00615,Movie,Romance Days 615,Director B,India,2015-03-22,2008,TV-PG,124 min,Romance,124,Minutes,2015.0
OTT00616,TV Show,Crime House 616,Unknown,United States,2015-10-01,2007,TV-MA,1 Seasons,Crime,1,Seasons,2015.0
OTT00617,TV Show,Documentary Stories 617,Director B,United States,,2009,TV-14,3 Seasons,Documentary,3,Seasons,
OTT00618,Movie,Drama Chronicles 618,Director D,United Kingdom,2008-06-13,1997,TV-PG,142 min,Drama,142,Minutes,2008.0
OTT00619,Movie,Documentary Files 619,Director B,United States,2018-10-22,2012,R,148 min,Documentary,148,Minutes,2018.0
OTT00620,Movie,Reality Journey 620,Director A,Australia,2025-10-05,2017,R,131 min,Reality,131,Minutes,2025.0
OTT00621,TV Show,Romance Collection 621,Unknown,United States,2008-10-15,2002,PG-13,2 Seasons,Romance,2,Seasons,2008.0
OTT00622,Movie,Comedy Project 622,Director D,United States,2008-09-23,1994,TV-14,100 min,Comedy,100,Minutes,2008.0
OTT00623,TV Show,Action Days 623,Unknown,Canada,2011-10-02,2004,PG-13,3 Seasons,Action,3,Seasons,2011.0
OTT00624,Movie,Family House 624,Director D,United States,2008-02-20,1997,PG-13,141 min,Family,141,Minutes,2008.0
OTT00625,TV Show,Crime Stories 625,Unknown,Germany,2008-07-26,2003,TV-PG,2 Seasons,Crime,2,Seasons,2008.0
OTT00626,Movie,Thriller Chronicles 626,Director B,South Korea,2019-01-24,2013,TV-PG,114 min,Thriller,114,Minutes,2019.0
OTT00627,TV Show,Sci-Fi Files 627,Director C,United States,2008-08-15,1994,TV-MA,2 Seasons,Sci-Fi,2,Seasons,2008.0
OTT00628,Movie,Crime Journey 628,Director A,South Korea,2021-02-25,2017,TV-PG,97 min,Crime,97,Minutes,2021.0
OTT00629,Movie,Romance Collection 629,Director C,Japan,2008-05-01,1998,PG,101 min,Romance,101,Minutes,2008.0
OTT00630,TV Show,Comedy Project 630,Director A,Unknown,2025-11-21,2023,TV-Y,2 Seasons,Comedy,2,Seasons,2025.0
OTT00631,TV Show,Drama Days 631,Director A,Spain,2025-11-17,2017,R,4 Seasons,Drama,4,Seasons,2025.0
OTT00632,TV Show,Reality House 632,Director D,South Korea,2008-05-08,2000,TV-14,1 Seasons,Reality,1,Seasons,2008.0
OTT00633,Movie,Romance Stories 633,Director C,United Kingdom,2011-08-07,2010,PG-13,106 min,Romance,106,Minutes,2011.0
OTT00634,Movie,Action Chronicles 634,Unknown,India,2008-07-24,1994,PG-13,85 min,Action,85,Minutes,2008.0
OTT00635,Movie,Romance Files 635,Director B,South Korea,2008-04-15,1993,TV-14,120 min,Romance,120,Minutes,2008.0
OTT00636,Movie,Drama Journey 636,Unknown,Mexico,2026-04-26,2025,PG,135 min,Drama,135,Minutes,2026.0
OTT00637,Movie,Family Collection 637,Director B,United Kingdom,2021-01-16,2019,TV-MA,140 min,Family,140,Minutes,2021.0
OTT00638,TV Show,Comedy Project 638,Unknown,Japan,2008-03-05,1995,TV-MA,2 Seasons,Comedy,2,Seasons,2008.0
OTT00639,TV Show,Family Days 639,Director C,India,2008-01-03,2000,TV-MA,3 Seasons,Family,3,Seasons,2008.0
OTT00640,TV Show,Thriller House 640,Director C,South Korea,2008-03-10,1997,Unknown,1 Seasons,Thriller,1,Seasons,2008.0
OTT00641,TV Show,Comedy Stories 641,Unknown,Brazil,2011-06-12,2004,TV-Y7,2 Seasons,Comedy,2,Seasons,2011.0
OTT00642,TV Show,Drama Chronicles 642,Director A,United States,2008-01-23,2000,TV-PG,2 Seasons,Drama,2,Seasons,2008.0
OTT00643,Movie,Family Files 643,Unknown,United States,2008-03-19,2002,TV-14,106 min,Family,106,Minutes,2008.0
OTT00644,Movie,Comedy Journey 644,Director D,United Kingdom,2012-09-08,2009,TV-PG,108 min,Comedy,108,Minutes,2012.0
OTT00645,Movie,Drama Collection 645,Director D,India,2008-06-02,1996,TV-14,114 min,Drama,114,Minutes,2008.0
OTT00646,TV Show,Animation Project 646,Director A,United Kingdom,2022-12-26,2022,TV-14,1 Seasons,Animation,1,Seasons,2022.0
OTT00647,Movie,Documentary Days 647,Director D,United States,2024-08-07,2016,TV-MA,99 min,Documentary,99,Minutes,2024.0
OTT00648,Movie,Action House 648,Unknown,India,2023-03-26,2018,PG-13,142 min,Action,142,Minutes,2023.0
OTT00649,Movie,Comedy Stories 649,Director A,United Kingdom,2008-02-07,1996,TV-MA,164 min,Comedy,164,Minutes,2008.0
OTT00650,Movie,Family Chronicles 650,Director A,United Kingdom,2020-07-01,2016,PG,78 min,Family,78,Minutes,2020.0
OTT00651,Movie,Documentary Files 651,Director B,Japan,2026-12-27,2020,TV-MA,77 min,Documentary,77,Minutes,2026.0
OTT00652,TV Show,Comedy Journey 652,Unknown,South Korea,2008-07-14,1996,PG-13,1 Seasons,Comedy,1,Seasons,2008.0
OTT00653,Movie,Documentary Collection 653,Director D,Japan,2021-11-15,2017,PG,102 min,Documentary,102,Minutes,2021.0
OTT00654,Movie,Comedy Project 654,Director D,Canada,2008-09-18,2003,TV-MA,124 min,Comedy,124,Minutes,2008.0
OTT00655,TV Show,Documentary Days 655,Director C,Japan,2026-05-18,2019,TV-MA,3 Seasons,Documentary,3,Seasons,2026.0
OTT00656,Movie,Drama House 656,Director D,United Kingdom,2012-07-20,2007,G,108 min,Drama,108,Minutes,2012.0
OTT00657,TV Show,Drama Stories 657,Director D,Unknown,2025-10-04,2019,TV-PG,2 Seasons,Drama,2,Seasons,2025.0
OTT00658,Movie,Action Chronicles 658,Director D,United States,2008-11-20,1995,R,89 min,Action,89,Minutes,2008.0
OTT00659,Movie,Sci-Fi Files 659,Director B,United States,,2004,TV-MA,99 min,Sci-Fi,99,Minutes,
OTT00660,Movie,Drama Journey 660,Director B,United Kingdom,2008-06-07,2000,TV-14,104 min,Drama,104,Minutes,2008.0
OTT00661,Movie,Comedy Collection 661,Unknown,France,2008-03-07,1999,TV-PG,70 min,Comedy,70,Minutes,2008.0
OTT00662,TV Show,Sci-Fi Project 662,Director B,Japan,2008-06-10,2001,TV-Y7,1 Seasons,Sci-Fi,1,Seasons,2008.0
OTT00663,Movie,Sci-Fi Days 663,Unknown,United States,2011-12-13,2004,TV-14,80 min,Sci-Fi,80,Minutes,2011.0
OTT00664,Movie,Crime House 664,Director D,United Kingdom,2008-03-22,1994,PG,121 min,Crime,121,Minutes,2008.0
OTT00665,Movie,Comedy Stories 665,Director C,United States,2018-09-26,2016,PG-13,110 min,Comedy,110,Minutes,2018.0
OTT00666,TV Show,Action Chronicles 666,Unknown,South Korea,2015-07-11,2010,TV-MA,3 Seasons,Action,3,Seasons,2015.0
OTT00667,TV Show,Comedy Files 667,Unknown,Spain,2026-03-15,2020,TV-14,1 Seasons,Comedy,1,Seasons,2026.0
OTT00668,TV Show,Drama Journey 668,Director A,United Kingdom,2016-08-08,2016,TV-14,1 Seasons,Drama,1,Seasons,2016.0
OTT00669,Movie,Documentary Collection 669,Director C,United Kingdom,2008-01-05,1995,TV-PG,119 min,Documentary,119,Minutes,2008.0
OTT00670,Movie,Thriller Project 670,Director C,India,2008-02-10,1992,R,55 min,Thriller,55,Minutes,2008.0
OTT00671,Movie,Documentary Days 671,Director C,India,2012-04-01,2005,TV-PG,131 min,Documentary,131,Minutes,2012.0
OTT00672,Movie,Romance House 672,Unknown,France,2008-08-10,2007,TV-14,64 min,Romance,64,Minutes,2008.0
OTT00673,TV Show,Documentary Stories 673,Director A,South Korea,2008-03-12,1998,PG-13,3 Seasons,Documentary,3,Seasons,2008.0
OTT00674,TV Show,Documentary Chronicles 674,Director C,United Kingdom,2025-12-18,2018,R,1 Seasons,Documentary,1,Seasons,2025.0
OTT00675,Movie,Animation Files 675,Director C,India,2011-07-02,2011,TV-PG,128 min,Animation,128,Minutes,2011.0
OTT00676,Movie,Sci-Fi Journey 676,Unknown,United States,2023-05-13,2017,R,175 min,Sci-Fi,175,Minutes,2023.0
OTT00677,TV Show,Documentary Collection 677,Unknown,Unknown,2008-04-21,1994,TV-14,1 Seasons,Documentary,1,Seasons,2008.0
OTT00678,Movie,Thriller Project 678,Unknown,United States,,2020,PG-13,120 min,Thriller,120,Minutes,
OTT00679,Movie,Comedy Days 679,Director B,India,2008-01-12,1997,TV-14,65 min,Comedy,65,Minutes,2008.0
OTT00680,Movie,Drama House 680,Director C,Australia,2014-10-02,2006,TV-14,114 min,Drama,114,Minutes,2014.0
OTT00681,Movie,Crime Stories 681,Director B,United Kingdom,2011-05-27,2006,TV-MA,100 min,Crime,100,Minutes,2011.0
OTT00682,Movie,Comedy Chronicles 682,Director D,United States,2022-08-12,2020,R,107 min,Comedy,107,Minutes,2022.0
OTT00683,Movie,Action Files 683,Director A,United States,2008-01-21,2000,R,84 min,Action,84,Minutes,2008.0
OTT00684,Movie,Action Journey 684,Director B,India,2008-11-05,1998,TV-14,122 min,Action,122,Minutes,2008.0
OTT00685,Movie,Comedy Collection 685,Director A,Spain,2010-03-20,2002,TV-Y7,73 min,Comedy,73,Minutes,2010.0
OTT00686,Movie,Drama Project 686,Director D,India,2008-11-02,2003,TV-Y7,132 min,Drama,132,Minutes,2008.0
OTT00687,Movie,Documentary Days 687,Director A,Canada,2008-12-18,1996,TV-MA,95 min,Documentary,95,Minutes,2008.0
OTT00688,TV Show,Reality House 688,Director C,Canada,2008-05-19,1996,PG-13,1 Seasons,Reality,1,Seasons,2008.0
OTT00689,TV Show,Romance Stories 689,Director A,United States,2008-11-20,1998,TV-14,4 Seasons,Romance,4,Seasons,2008.0
OTT00690,Movie,Action Chronicles 690,Unknown,United Kingdom,2012-03-17,2007,NR,103 min,Action,103,Minutes,2012.0
OTT00691,Movie,Drama Files 691,Director A,Mexico,2009-08-19,2002,TV-14,146 min,Drama,146,Minutes,2009.0
OTT00692,TV Show,Romance Journey 692,Director B,India,2008-10-02,2004,TV-14,4 Seasons,Romance,4,Seasons,2008.0
OTT00693,Movie,Drama Collection 693,Director B,United States,2016-08-25,2016,TV-PG,87 min,Drama,87,Minutes,2016.0
OTT00694,Movie,Thriller Project 694,Unknown,Australia,2008-10-24,1998,TV-14,103 min,Thriller,103,Minutes,2008.0
OTT00695,TV Show,Animation Days 695,Director C,France,2026-04-14,2023,PG-13,2 Seasons,Animation,2,Seasons,2026.0
OTT00696,Movie,Action House 696,Director A,United Kingdom,2017-12-18,2017,TV-PG,138 min,Action,138,Minutes,2017.0
OTT00697,TV Show,Documentary Stories 697,Director A,United Kingdom,2008-01-13,1996,TV-14,2 Seasons,Documentary,2,Seasons,2008.0
OTT00698,Movie,Drama Chronicles 698,Director B,United States,2008-09-11,2001,TV-PG,108 min,Drama,108,Minutes,2008.0
OTT00699,Movie,Drama Files 699,Director C,Spain,2008-03-01,1996,TV-Y7,100 min,Drama,100,Minutes,2008.0
OTT00700,Movie,Action Journey 700,Director B,United Kingdom,2008-07-27,2000,PG,103 min,Action,103,Minutes,2008.0
OTT00701,Movie,Sci-Fi Collection 701,Director A,United States,2009-03-09,2003,TV-PG,133 min,Sci-Fi,133,Minutes,2009.0
OTT00702,Movie,Comedy Project 702,Director B,Japan,2008-12-11,1994,TV-14,105 min,Comedy,105,Minutes,2008.0
OTT00703,Movie,Thriller Days 703,Director D,Unknown,,1990,TV-MA,96 min,Thriller,96,Minutes,
OTT00704,TV Show,Crime House 704,Director C,Unknown,2010-01-18,2006,TV-Y7,1 Seasons,Crime,1,Seasons,2010.0
OTT00705,Movie,Drama Stories 705,Director B,United States,2021-08-26,2015,PG-13,92 min,Drama,92,Minutes,2021.0
OTT00706,Movie,Drama Chronicles 706,Unknown,United States,2008-05-04,2001,R,74 min,Drama,74,Minutes,2008.0
OTT00707,TV Show,Documentary Files 707,Director B,Australia,2022-04-06,2021,TV-Y7,1 Seasons,Documentary,1,Seasons,2022.0
OTT00708,TV Show,Crime Journey 708,Director A,Australia,2010-08-14,2003,TV-MA,4 Seasons,Crime,4,Seasons,2010.0
OTT00709,Movie,Action Collection 709,Director C,United Kingdom,2026-11-12,2023,Unknown,100 min,Action,100,Minutes,2026.0
OTT00710,Movie,Crime Project 710,Director B,Japan,2008-05-08,1998,TV-MA,120 min,Crime,120,Minutes,2008.0
OTT00711,TV Show,Sci-Fi Days 711,Unknown,India,2013-05-25,2009,TV-MA,1 Seasons,Sci-Fi,1,Seasons,2013.0
OTT00712,Movie,Animation House 712,Director A,India,2021-06-18,2018,TV-PG,117 min,Animation,117,Minutes,2021.0
OTT00713,TV Show,Reality Stories 713,Director B,Unknown,2008-06-19,1992,TV-14,1 Seasons,Reality,1,Seasons,2008.0
OTT00714,TV Show,Animation Chronicles 714,Director C,United States,2026-03-25,2024,G,1 Seasons,Animation,1,Seasons,2026.0
OTT00715,TV Show,Family Files 715,Director A,United States,2008-01-10,2003,TV-14,2 Seasons,Family,2,Seasons,2008.0
OTT00716,Movie,Family Journey 716,Unknown,Spain,2014-06-05,2008,PG,94 min,Family,94,Minutes,2014.0
OTT00717,Movie,Crime Collection 717,Unknown,United States,2016-06-20,2013,PG-13,58 min,Crime,58,Minutes,2016.0
OTT00718,Movie,Family Project 718,Director D,United States,2019-03-19,2013,PG-13,125 min,Family,125,Minutes,2019.0
OTT00719,Movie,Horror Days 719,Director D,United Kingdom,2008-09-19,1990,TV-Y,110 min,Horror,110,Minutes,2008.0
OTT00720,TV Show,Action House 720,Director A,United States,2026-05-17,2022,TV-PG,1 Seasons,Action,1,Seasons,2026.0
OTT00721,Movie,Romance Stories 721,Director D,United States,2017-04-24,2013,TV-14,83 min,Romance,83,Minutes,2017.0
OTT00722,Movie,Thriller Chronicles 722,Director B,United Kingdom,2026-09-04,2026,TV-MA,72 min,Thriller,72,Minutes,2026.0
OTT00723,Movie,Family Files 723,Director D,India,2008-10-07,2007,TV-14,109 min,Family,109,Minutes,2008.0
OTT00724,TV Show,Action Journey 724,Director A,Japan,2016-02-23,2012,TV-Y7,4 Seasons,Action,4,Seasons,2016.0
OTT00725,Movie,Family Collection 725,Director C,Germany,2008-07-09,2006,TV-PG,109 min,Family,109,Minutes,2008.0
OTT00726,Movie,Animation Project 726,Unknown,United States,2026-09-01,2022,TV-14,74 min,Animation,74,Minutes,2026.0
OTT00727,Movie,Reality Days 727,Director D,Germany,2026-07-14,2020,TV-MA,109 min,Reality,109,Minutes,2026.0
OTT00728,Movie,Comedy House 728,Director A,Germany,2026-06-10,2023,TV-PG,103 min,Comedy,103,Minutes,2026.0
OTT00729,Movie,Crime Stories 729,Director A,Spain,2015-03-04,2008,PG-13,124 min,Crime,124,Minutes,2015.0
OTT00730,Movie,Animation Chronicles 730,Director B,Japan,2026-03-15,2019,TV-14,118 min,Animation,118,Minutes,2026.0
OTT00731,Movie,Horror Files 731,Director A,Japan,2008-09-10,2003,PG-13,55 min,Horror,55,Minutes,2008.0
OTT00732,Movie,Sci-Fi Journey 732,Director C,Japan,2008-02-12,2007,R,116 min,Sci-Fi,116,Minutes,2008.0
OTT00733,Movie,Thriller Collection 733,Director A,South Korea,2020-07-02,2018,PG,82 min,Thriller,82,Minutes,2020.0
OTT00734,Movie,Thriller Project 734,Director A,United States,2008-03-10,1993,TV-14,73 min,Thriller,73,Minutes,2008.0
OTT00735,Movie,Drama Days 735,Director D,Unknown,2021-06-04,2016,R,100 min,Drama,100,Minutes,2021.0
OTT00736,TV Show,Reality House 736,Director D,United Kingdom,2008-02-20,1990,TV-MA,2 Seasons,Reality,2,Seasons,2008.0
OTT00737,Movie,Comedy Stories 737,Director A,Unknown,2015-09-01,2011,TV-14,68 min,Comedy,68,Minutes,2015.0
OTT00738,Movie,Crime Chronicles 738,Director A,India,2008-08-02,2007,PG-13,120 min,Crime,120,Minutes,2008.0
OTT00739,Movie,Animation Files 739,Director C,United States,2015-12-02,2007,R,121 min,Animation,121,Minutes,2015.0
OTT00740,Movie,Action Journey 740,Unknown,United Kingdom,2016-04-14,2008,TV-MA,106 min,Action,106,Minutes,2016.0
OTT00741,Movie,Comedy Collection 741,Director D,United Kingdom,2013-04-21,2008,TV-Y7,85 min,Comedy,85,Minutes,2013.0
OTT00742,Movie,Comedy Project 742,Director C,India,2008-06-25,2005,Unknown,83 min,Comedy,83,Minutes,2008.0
OTT00743,TV Show,Family Days 743,Unknown,India,2009-09-10,2006,R,3 Seasons,Family,3,Seasons,2009.0
OTT00744,Movie,Thriller House 744,Director A,United States,2017-12-10,2011,NR,71 min,Thriller,71,Minutes,2017.0
OTT00745,Movie,Drama Stories 745,Director A,United Kingdom,2024-01-15,2018,R,128 min,Drama,128,Minutes,2024.0
OTT00746,Movie,Crime Chronicles 746,Director B,India,2012-09-13,2010,PG,101 min,Crime,101,Minutes,2012.0
OTT00747,Movie,Comedy Files 747,Director D,Mexico,2020-01-08,2013,R,102 min,Comedy,102,Minutes,2020.0
OTT00748,Movie,Sci-Fi Journey 748,Director C,Unknown,2026-10-10,2020,PG,67 min,Sci-Fi,67,Minutes,2026.0
OTT00749,TV Show,Documentary Collection 749,Director D,India,2026-10-18,2026,PG-13,1 Seasons,Documentary,1,Seasons,2026.0
OTT00750,TV Show,Comedy Project 750,Director A,United States,2008-09-18,1994,PG-13,3 Seasons,Comedy,3,Seasons,2008.0
OTT00751,Movie,Drama Days 751,Director A,United Kingdom,2020-09-20,2016,TV-14,75 min,Drama,75,Minutes,2020.0
OTT00752,Movie,Thriller House 752,Director C,United Kingdom,2008-09-11,1998,PG-13,115 min,Thriller,115,Minutes,2008.0
OTT00753,Movie,Action Stories 753,Director D,Japan,2008-10-24,1997,TV-14,106 min,Action,106,Minutes,2008.0
OTT00754,Movie,Animation Chronicles 754,Director D,Australia,2019-10-15,2019,NR,90 min,Animation,90,Minutes,2019.0
OTT00755,TV Show,Action Files 755,Director D,United States,2008-06-12,1992,TV-14,3 Seasons,Action,3,Seasons,2008.0
OTT00756,Movie,Documentary Journey 756,Director D,South Korea,2025-03-23,2021,TV-14,56 min,Documentary,56,Minutes,2025.0
OTT00757,Movie,Comedy Collection 757,Director A,United States,2022-11-07,2018,TV-Y7,112 min,Comedy,112,Minutes,2022.0
OTT00758,TV Show,Comedy Project 758,Director B,United States,2026-06-05,2026,TV-14,4 Seasons,Comedy,4,Seasons,2026.0
OTT00759,Movie,Horror Days 759,Director B,India,2018-03-06,2014,TV-14,136 min,Horror,136,Minutes,2018.0
OTT00760,Movie,Drama House 760,Unknown,United States,,2022,PG-13,113 min,Drama,113,Minutes,
OTT00761,TV Show,Reality Stories 761,Director B,Japan,2008-02-18,1994,TV-MA,1 Seasons,Reality,1,Seasons,2008.0
OTT00762,Movie,Documentary Chronicles 762,Director B,Japan,2025-09-12,2022,TV-MA,91 min,Documentary,91,Minutes,2025.0
OTT00763,Movie,Drama Files 763,Director D,Unknown,2008-12-27,1995,TV-PG,98 min,Drama,98,Minutes,2008.0
OTT00764,Movie,Comedy Journey 764,Director C,United Kingdom,2008-08-03,2001,TV-14,116 min,Comedy,116,Minutes,2008.0
OTT00765,TV Show,Drama Collection 765,Director A,United Kingdom,2008-04-27,1994,TV-14,1 Seasons,Drama,1,Seasons,2008.0
OTT00766,Movie,Animation Project 766,Director D,India,2008-06-21,2004,TV-MA,121 min,Animation,121,Minutes,2008.0
OTT00767,Movie,Thriller Days 767,Director D,United States,2018-01-05,2017,TV-14,151 min,Thriller,151,Minutes,2018.0
OTT00768,Movie,Documentary House 768,Director B,United States,2008-02-22,1999,Unknown,103 min,Documentary,103,Minutes,2008.0
OTT00769,Movie,Crime Stories 769,Unknown,Japan,2022-01-07,2020,TV-MA,75 min,Crime,75,Minutes,2022.0
OTT00770,Movie,Romance Chronicles 770,Director C,Brazil,2017-05-05,2012,R,75 min,Romance,75,Minutes,2017.0
OTT00771,Movie,Horror Files 771,Unknown,United States,2013-02-07,2013,R,122 min,Horror,122,Minutes,2013.0
OTT00772,Movie,Reality Journey 772,Director D,United Kingdom,2026-02-07,2024,TV-MA,103 min,Reality,103,Minutes,2026.0
OTT00773,Movie,Crime Collection 773,Director C,South Korea,2010-01-18,2005,TV-14,124 min,Crime,124,Minutes,2010.0
OTT00774,TV Show,Family Project 774,Director B,Spain,2008-11-23,2002,TV-Y7,1 Seasons,Family,1,Seasons,2008.0
OTT00775,Movie,Animation Days 775,Unknown,United Kingdom,2026-03-24,2026,R,123 min,Animation,123,Minutes,2026.0
OTT00776,TV Show,Thriller House 776,Director B,Unknown,2018-07-21,2010,TV-PG,1 Seasons,Thriller,1,Seasons,2018.0
OTT00777,Movie,Crime Stories 777,Director C,South Korea,2019-05-17,2012,TV-PG,88 min,Crime,88,Minutes,2019.0
OTT00778,Movie,Drama Chronicles 778,Director C,France,2008-08-17,2000,TV-MA,96 min,Drama,96,Minutes,2008.0
OTT00779,TV Show,Animation Files 779,Director A,United States,2008-04-12,1997,PG,1 Seasons,Animation,1,Seasons,2008.0
OTT00780,TV Show,Reality Journey 780,Director A,Australia,2008-12-08,1996,TV-Y,5 Seasons,Reality,5,Seasons,2008.0
OTT00781,Movie,Drama Collection 781,Director A,United States,2008-12-06,1998,TV-Y,102 min,Drama,102,Minutes,2008.0
OTT00782,TV Show,Family Project 782,Director D,Spain,2008-03-15,1997,TV-14,3 Seasons,Family,3,Seasons,2008.0
OTT00783,Movie,Horror Days 783,Director A,United States,2021-01-22,2017,TV-14,93 min,Horror,93,Minutes,2021.0
OTT00784,Movie,Comedy House 784,Unknown,United States,2008-12-24,1992,TV-MA,81 min,Comedy,81,Minutes,2008.0
OTT00785,TV Show,Thriller Stories 785,Unknown,United States,2017-05-27,2013,TV-14,1 Seasons,Thriller,1,Seasons,2017.0
OTT00786,Movie,Horror Chronicles 786,Director C,India,2026-01-26,2025,TV-14,129 min,Horror,129,Minutes,2026.0
OTT00787,TV Show,Reality Files 787,Unknown,India,2022-05-09,2018,R,1 Seasons,Reality,1,Seasons,2022.0
OTT00788,Movie,Drama Journey 788,Unknown,United States,2009-07-22,2004,TV-MA,85 min,Drama,85,Minutes,2009.0
OTT00789,TV Show,Documentary Collection 789,Director D,India,2008-09-25,1992,TV-Y,2 Seasons,Documentary,2,Seasons,2008.0
OTT00790,Movie,Crime Project 790,Director B,India,2020-02-11,2020,TV-MA,115 min,Crime,115,Minutes,2020.0
OTT00791,Movie,Comedy Days 791,Director D,Canada,2008-10-20,1990,TV-MA,141 min,Comedy,141,Minutes,2008.0
OTT00792,Movie,Documentary House 792,Unknown,Germany,2021-08-24,2015,TV-Y7,112 min,Documentary,112,Minutes,2021.0
OTT00793,Movie,Drama Stories 793,Director D,Japan,2016-07-26,2014,PG-13,119 min,Drama,119,Minutes,2016.0
OTT00794,Movie,Drama Chronicles 794,Director A,United States,2008-09-26,1997,TV-14,120 min,Drama,120,Minutes,2008.0
OTT00795,Movie,Thriller Files 795,Director A,United States,2018-08-16,2017,Unknown,79 min,Thriller,79,Minutes,2018.0
OTT00796,Movie,Crime Journey 796,Director A,Germany,2008-07-16,1996,TV-14,83 min,Crime,83,Minutes,2008.0
OTT00797,Movie,Romance Collection 797,Director B,United States,2008-05-03,1998,TV-MA,81 min,Romance,81,Minutes,2008.0
OTT00798,Movie,Animation Project 798,Director D,India,2025-04-20,2020,TV-PG,75 min,Animation,75,Minutes,2025.0
OTT00799,TV Show,Action Days 799,Director A,Australia,2026-07-19,2026,TV-14,3 Seasons,Action,3,Seasons,2026.0
OTT00800,TV Show,Comedy House 800,Director A,Mexico,2008-05-04,1999,R,2 Seasons,Comedy,2,Seasons,2008.0
OTT00801,TV Show,Drama Stories 801,Director A,India,2026-11-17,2024,TV-MA,2 Seasons,Drama,2,Seasons,2026.0
OTT00802,Movie,Comedy Chronicles 802,Director D,Japan,2023-01-17,2023,PG-13,55 min,Comedy,55,Minutes,2023.0
OTT00803,TV Show,Documentary Files 803,Unknown,India,2022-03-16,2018,PG,5 Seasons,Documentary,5,Seasons,2022.0
OTT00804,Movie,Comedy Journey 804,Director D,South Korea,2008-03-27,1995,TV-MA,85 min,Comedy,85,Minutes,2008.0
OTT00805,Movie,Drama Collection 805,Unknown,United States,2008-03-05,2001,TV-MA,150 min,Drama,150,Minutes,2008.0
OTT00806,Movie,Drama Project 806,Director A,United States,2023-09-17,2015,TV-PG,73 min,Drama,73,Minutes,2023.0
OTT00807,TV Show,Crime Days 807,Director C,United Kingdom,2026-08-05,2026,PG,1 Seasons,Crime,1,Seasons,2026.0
OTT00808,Movie,Romance House 808,Unknown,United States,2026-01-26,2020,PG-13,56 min,Romance,56,Minutes,2026.0
OTT00809,Movie,Horror Stories 809,Director B,Japan,2008-04-06,2005,PG-13,112 min,Horror,112,Minutes,2008.0
OTT00810,TV Show,Animation Chronicles 810,Director A,India,2008-10-11,1998,TV-PG,1 Seasons,Animation,1,Seasons,2008.0
OTT00811,Movie,Thriller Files 811,Unknown,Germany,2026-05-17,2025,TV-14,81 min,Thriller,81,Minutes,2026.0
OTT00812,Movie,Drama Journey 812,Director A,Spain,2008-07-13,2000,R,74 min,Drama,74,Minutes,2008.0
OTT00813,TV Show,Thriller Collection 813,Director A,India,2008-11-11,2002,TV-MA,3 Seasons,Thriller,3,Seasons,2008.0
OTT00814,Movie,Drama Project 814,Director B,Canada,2026-06-18,2025,PG-13,120 min,Drama,120,Minutes,2026.0
OTT00815,Movie,Action Days 815,Director C,United States,2014-02-24,2010,TV-MA,144 min,Action,144,Minutes,2014.0
OTT00816,TV Show,Action House 816,Director A,India,2008-01-21,1999,TV-14,1 Seasons,Action,1,Seasons,2008.0
OTT00817,TV Show,Action Stories 817,Director A,United States,2008-10-09,1990,TV-PG,2 Seasons,Action,2,Seasons,2008.0
OTT00818,Movie,Comedy Chronicles 818,Unknown,France,2013-01-19,2005,TV-PG,76 min,Comedy,76,Minutes,2013.0
OTT00819,Movie,Crime Files 819,Director A,Spain,2026-05-14,2026,R,97 min,Crime,97,Minutes,2026.0
OTT00820,Movie,Family Journey 820,Director D,Germany,2008-04-26,2006,TV-PG,93 min,Family,93,Minutes,2008.0
OTT00821,Movie,Animation Collection 821,Director C,France,2019-02-01,2015,TV-Y,115 min,Animation,115,Minutes,2019.0
OTT00822,Movie,Romance Project 822,Director C,Mexico,2008-10-05,1999,PG,127 min,Romance,127,Minutes,2008.0
OTT00823,Movie,Thriller Days 823,Director A,United States,2026-04-17,2018,TV-Y7,126 min,Thriller,126,Minutes,2026.0
OTT00824,Movie,Drama House 824,Unknown,Australia,2021-07-01,2018,R,86 min,Drama,86,Minutes,2021.0
OTT00825,TV Show,Crime Stories 825,Director D,United Kingdom,2012-01-20,2012,R,3 Seasons,Crime,3,Seasons,2012.0
OTT00826,Movie,Thriller Chronicles 826,Director D,Unknown,2019-03-07,2018,R,104 min,Thriller,104,Minutes,2019.0
OTT00827,Movie,Comedy Files 827,Director B,United Kingdom,2011-07-04,2011,TV-PG,97 min,Comedy,97,Minutes,2011.0
OTT00828,Movie,Documentary Journey 828,Director A,India,2008-07-09,2003,TV-14,89 min,Documentary,89,Minutes,2008.0
OTT00829,TV Show,Horror Collection 829,Director B,United States,2019-11-05,2017,R,1 Seasons,Horror,1,Seasons,2019.0
OTT00830,Movie,Romance Project 830,Director A,United States,2026-06-25,2020,TV-MA,143 min,Romance,143,Minutes,2026.0
OTT00831,Movie,Action Days 831,Director D,United States,2026-09-10,2021,TV-MA,111 min,Action,111,Minutes,2026.0
OTT00832,Movie,Romance House 832,Unknown,India,2008-09-07,1997,TV-Y7,108 min,Romance,108,Minutes,2008.0
OTT00833,Movie,Action Stories 833,Director B,Germany,2023-01-22,2015,TV-MA,99 min,Action,99,Minutes,2023.0
OTT00834,Movie,Action Chronicles 834,Director B,Japan,2008-09-07,1990,R,158 min,Action,158,Minutes,2008.0
OTT00835,TV Show,Documentary Files 835,Director B,United Kingdom,2013-04-14,2011,R,4 Seasons,Documentary,4,Seasons,2013.0
OTT00836,Movie,Action Journey 836,Director C,India,2014-09-11,2011,Unknown,89 min,Action,89,Minutes,2014.0
OTT00837,TV Show,Crime Collection 837,Director B,India,2008-12-08,2003,TV-Y,1 Seasons,Crime,1,Seasons,2008.0
OTT00838,TV Show,Drama Project 838,Director C,United States,2026-12-06,2026,TV-MA,1 Seasons,Drama,1,Seasons,2026.0
OTT00839,Movie,Animation Days 839,Unknown,Spain,2026-11-21,2022,Unknown,108 min,Animation,108,Minutes,2026.0
OTT00840,Movie,Comedy House 840,Director B,United States,2008-08-21,1991,PG,89 min,Comedy,89,Minutes,2008.0
OTT00841,Movie,Crime Stories 841,Director A,South Korea,2008-01-10,1997,TV-14,114 min,Crime,114,Minutes,2008.0
OTT00842,TV Show,Romance Chronicles 842,Director B,Canada,2008-08-13,1997,TV-MA,4 Seasons,Romance,4,Seasons,2008.0
OTT00843,Movie,Crime Files 843,Director D,United Kingdom,2024-09-26,2023,TV-14,76 min,Crime,76,Minutes,2024.0
OTT00844,Movie,Romance Journey 844,Director B,France,2009-09-10,2009,TV-14,80 min,Romance,80,Minutes,2009.0
OTT00845,Movie,Reality Collection 845,Director C,United States,2019-11-08,2016,TV-14,94 min,Reality,94,Minutes,2019.0
OTT00846,TV Show,Thriller Project 846,Director A,France,2022-07-26,2019,NR,1 Seasons,Thriller,1,Seasons,2022.0
OTT00847,Movie,Crime Days 847,Unknown,South Korea,2019-06-26,2018,TV-14,148 min,Crime,148,Minutes,2019.0
OTT00848,TV Show,Crime House 848,Director A,Canada,2008-11-01,1993,PG,3 Seasons,Crime,3,Seasons,2008.0
OTT00849,Movie,Comedy Stories 849,Director B,Japan,2008-04-26,1995,TV-MA,125 min,Comedy,125,Minutes,2008.0
OTT00850,TV Show,Comedy Chronicles 850,Director A,France,2010-02-04,2004,NR,1 Seasons,Comedy,1,Seasons,2010.0
OTT00851,Movie,Action Files 851,Director A,Brazil,2008-04-21,2002,TV-14,98 min,Action,98,Minutes,2008.0
OTT00852,Movie,Comedy Journey 852,Director D,Unknown,2025-06-19,2017,TV-PG,73 min,Comedy,73,Minutes,2025.0
OTT00853,TV Show,Documentary Collection 853,Unknown,Spain,2008-11-20,1995,R,3 Seasons,Documentary,3,Seasons,2008.0
OTT00854,TV Show,Action Project 854,Unknown,South Korea,2008-06-05,2003,TV-MA,2 Seasons,Action,2,Seasons,2008.0
OTT00855,Movie,Romance Days 855,Director B,India,2008-01-14,1998,PG,133 min,Romance,133,Minutes,2008.0
OTT00856,Movie,Comedy House 856,Director B,Australia,2008-03-27,1996,TV-14,100 min,Comedy,100,Minutes,2008.0
OTT00857,TV Show,Family Stories 857,Director C,India,2008-09-11,1996,R,1 Seasons,Family,1,Seasons,2008.0
OTT00858,TV Show,Action Chronicles 858,Director D,United Kingdom,2008-10-18,1997,R,2 Seasons,Action,2,Seasons,2008.0
OTT00859,Movie,Crime Files 859,Director A,United States,2017-08-17,2010,R,124 min,Crime,124,Minutes,2017.0
OTT00860,Movie,Drama Journey 860,Director B,United States,2008-12-11,2005,TV-MA,72 min,Drama,72,Minutes,2008.0
OTT00861,TV Show,Action Collection 861,Director D,Spain,2011-06-16,2006,TV-MA,3 Seasons,Action,3,Seasons,2011.0
OTT00862,TV Show,Drama Project 862,Director B,India,2009-02-05,2007,TV-MA,2 Seasons,Drama,2,Seasons,2009.0
OTT00863,TV Show,Crime Days 863,Director C,India,2020-06-09,2017,TV-14,1 Seasons,Crime,1,Seasons,2020.0
OTT00864,Movie,Documentary House 864,Unknown,Unknown,2025-10-15,2021,TV-MA,59 min,Documentary,59,Minutes,2025.0
OTT00865,Movie,Horror Stories 865,Unknown,India,2011-11-11,2009,TV-Y,101 min,Horror,101,Minutes,2011.0
OTT00866,TV Show,Documentary Chronicles 866,Unknown,Unknown,2020-11-02,2013,TV-PG,4 Seasons,Documentary,4,Seasons,2020.0
OTT00867,TV Show,Thriller Files 867,Director B,Germany,2020-10-03,2017,R,4 Seasons,Thriller,4,Seasons,2020.0
OTT00868,TV Show,Comedy Journey 868,Unknown,United States,2019-03-25,2015,TV-14,2 Seasons,Comedy,2,Seasons,2019.0
OTT00869,Movie,Romance Collection 869,Unknown,Unknown,2008-04-17,1994,TV-14,148 min,Romance,148,Minutes,2008.0
OTT00870,Movie,Action Project 870,Director C,India,2026-11-16,2026,TV-PG,104 min,Action,104,Minutes,2026.0
OTT00871,TV Show,Documentary Days 871,Director C,United Kingdom,2008-12-23,1996,TV-14,3 Seasons,Documentary,3,Seasons,2008.0
OTT00872,Movie,Comedy House 872,Director C,India,2013-12-21,2005,TV-14,95 min,Comedy,95,Minutes,2013.0
OTT00873,TV Show,Drama Stories 873,Director B,India,2017-11-27,2014,TV-PG,1 Seasons,Drama,1,Seasons,2017.0
OTT00874,Movie,Drama Chronicles 874,Director A,India,2008-02-11,2004,TV-PG,90 min,Drama,90,Minutes,2008.0
OTT00875,TV Show,Reality Files 875,Unknown,Unknown,2008-11-05,1998,NR,1 Seasons,Reality,1,Seasons,2008.0
OTT00876,TV Show,Action Journey 876,Director A,United Kingdom,2026-10-10,2024,TV-14,4 Seasons,Action,4,Seasons,2026.0
OTT00877,Movie,Drama Collection 877,Director B,India,2008-10-26,1992,TV-PG,90 min,Drama,90,Minutes,2008.0
OTT00878,Movie,Reality Project 878,Unknown,Spain,2008-04-13,1999,TV-MA,87 min,Reality,87,Minutes,2008.0
OTT00879,Movie,Drama Days 879,Unknown,South Korea,2026-10-18,2026,TV-14,79 min,Drama,79,Minutes,2026.0
OTT00880,Movie,Action House 880,Unknown,India,2024-02-07,2017,PG-13,100 min,Action,100,Minutes,2024.0
OTT00881,Movie,Crime Stories 881,Director C,Canada,2008-06-01,1993,TV-MA,143 min,Crime,143,Minutes,2008.0
OTT00882,Movie,Horror Chronicles 882,Director A,France,2024-10-20,2017,R,151 min,Horror,151,Minutes,2024.0
OTT00883,TV Show,Crime Files 883,Director A,United States,2026-11-15,2025,TV-PG,1 Seasons,Crime,1,Seasons,2026.0
OTT00884,Movie,Action Journey 884,Director D,United Kingdom,2008-08-01,1993,TV-MA,97 min,Action,97,Minutes,2008.0
OTT00885,Movie,Reality Collection 885,Director B,United States,2013-11-19,2005,G,82 min,Reality,82,Minutes,2013.0
OTT00886,Movie,Drama Project 886,Unknown,South Korea,2012-01-09,2007,Unknown,126 min,Drama,126,Minutes,2012.0
OTT00887,Movie,Reality Days 887,Unknown,United States,2008-02-23,1994,PG,111 min,Reality,111,Minutes,2008.0
OTT00888,Movie,Family House 888,Director D,Japan,2008-02-11,1997,TV-PG,90 min,Family,90,Minutes,2008.0
OTT00889,Movie,Horror Stories 889,Director D,United States,2008-11-23,1996,G,106 min,Horror,106,Minutes,2008.0
OTT00890,TV Show,Comedy Chronicles 890,Director B,United Kingdom,2008-04-27,1996,TV-14,1 Seasons,Comedy,1,Seasons,2008.0
OTT00891,Movie,Drama Files 891,Unknown,Australia,2008-06-14,2004,TV-PG,140 min,Drama,140,Minutes,2008.0
OTT00892,TV Show,Crime Journey 892,Director D,Unknown,2009-03-15,2007,PG-13,3 Seasons,Crime,3,Seasons,2009.0
OTT00893,Movie,Thriller Collection 893,Director D,France,2008-01-23,1998,TV-14,119 min,Thriller,119,Minutes,2008.0
OTT00894,Movie,Thriller Project 894,Director A,Brazil,2008-08-03,2000,TV-14,55 min,Thriller,55,Minutes,2008.0
OTT00895,TV Show,Horror Days 895,Director B,France,2008-07-25,1997,NR,2 Seasons,Horror,2,Seasons,2008.0
OTT00896,TV Show,Romance House 896,Director B,United States,2021-02-24,2019,R,5 Seasons,Romance,5,Seasons,2021.0
OTT00897,Movie,Documentary Stories 897,Director C,Spain,2008-02-08,1997,PG-13,134 min,Documentary,134,Minutes,2008.0
OTT00898,Movie,Action Chronicles 898,Unknown,United States,2026-04-16,2023,PG-13,64 min,Action,64,Minutes,2026.0
OTT00899,Movie,Drama Files 899,Director B,India,2015-04-02,2009,PG,98 min,Drama,98,Minutes,2015.0
OTT00900,Movie,Comedy Journey 900,Director A,France,2024-03-04,2019,Unknown,78 min,Comedy,78,Minutes,2024.0
OTT00901,Movie,Drama Collection 901,Unknown,South Korea,2017-09-17,2013,R,142 min,Drama,142,Minutes,2017.0
OTT00902,Movie,Family Project 902,Director B,United Kingdom,,1999,TV-14,110 min,Family,110,Minutes,
OTT00903,Movie,Crime Days 903,Director B,India,2016-02-12,2012,TV-MA,88 min,Crime,88,Minutes,2016.0
OTT00904,Movie,Thriller House 904,Unknown,Spain,2008-08-11,2000,R,105 min,Thriller,105,Minutes,2008.0
OTT00905,TV Show,Documentary Stories 905,Director A,South Korea,2008-05-16,1994,PG,1 Seasons,Documentary,1,Seasons,2008.0
OTT00906,Movie,Crime Chronicles 906,Unknown,India,2008-07-22,1999,TV-PG,81 min,Crime,81,Minutes,2008.0
OTT00907,Movie,Family Files 907,Unknown,Germany,2008-05-26,2000,TV-MA,105 min,Family,105,Minutes,2008.0
OTT00908,Movie,Sci-Fi Journey 908,Director C,Unknown,2008-03-27,1994,TV-14,123 min,Sci-Fi,123,Minutes,2008.0
OTT00909,Movie,Thriller Collection 909,Director A,United States,2008-06-23,1990,TV-PG,62 min,Thriller,62,Minutes,2008.0
OTT00910,Movie,Family Project 910,Unknown,Japan,2026-07-25,2024,PG,96 min,Family,96,Minutes,2026.0
OTT00911,TV Show,Thriller Days 911,Director C,Mexico,2010-03-22,2008,TV-MA,3 Seasons,Thriller,3,Seasons,2010.0
OTT00912,TV Show,Action House 912,Director A,United States,2008-05-17,2004,R,1 Seasons,Action,1,Seasons,2008.0
OTT00913,TV Show,Sci-Fi Stories 913,Director B,United States,2024-04-17,2024,PG-13,2 Seasons,Sci-Fi,2,Seasons,2024.0
OTT00914,TV Show,Action Chronicles 914,Director D,United States,2008-02-10,1998,G,2 Seasons,Action,2,Seasons,2008.0
OTT00915,TV Show,Action Files 915,Director A,France,2011-01-09,2004,TV-MA,4 Seasons,Action,4,Seasons,2011.0
OTT00916,TV Show,Documentary Journey 916,Director D,United States,2021-02-19,2021,TV-Y,1 Seasons,Documentary,1,Seasons,2021.0
OTT00917,Movie,Thriller Collection 917,Director D,United Kingdom,2020-07-04,2013,R,101 min,Thriller,101,Minutes,2020.0
OTT00918,Movie,Thriller Project 918,Unknown,Brazil,2008-06-19,2004,PG,123 min,Thriller,123,Minutes,2008.0
OTT00919,Movie,Crime Days 919,Director A,Unknown,2008-12-10,1999,TV-MA,75 min,Crime,75,Minutes,2008.0
OTT00920,Movie,Action House 920,Director C,United Kingdom,2008-07-10,1991,TV-PG,100 min,Action,100,Minutes,2008.0
OTT00921,Movie,Comedy Stories 921,Director A,United Kingdom,2008-11-06,1993,R,94 min,Comedy,94,Minutes,2008.0
OTT00922,TV Show,Sci-Fi Chronicles 922,Director A,Spain,2008-01-03,1995,TV-14,1 Seasons,Sci-Fi,1,Seasons,2008.0
OTT00923,Movie,Documentary Files 923,Director B,India,2026-08-23,2019,TV-PG,123 min,Documentary,123,Minutes,2026.0
OTT00924,Movie,Horror Journey 924,Director C,India,2013-09-12,2013,R,117 min,Horror,117,Minutes,2013.0
OTT00925,Movie,Comedy Collection 925,Director D,United States,2013-01-15,2006,Unknown,88 min,Comedy,88,Minutes,2013.0
OTT00926,Movie,Thriller Project 926,Director A,South Korea,2020-12-07,2018,TV-MA,108 min,Thriller,108,Minutes,2020.0
OTT00927,Movie,Thriller Days 927,Director A,Canada,2008-10-17,1995,Unknown,137 min,Thriller,137,Minutes,2008.0
OTT00928,TV Show,Family House 928,Unknown,United States,2008-02-11,1997,TV-MA,1 Seasons,Family,1,Seasons,2008.0
OTT00929,Movie,Drama Stories 929,Director C,India,2012-04-27,2004,TV-Y,108 min,Drama,108,Minutes,2012.0
OTT00930,TV Show,Sci-Fi Chronicles 930,Director B,Germany,2026-12-15,2023,NR,1 Seasons,Sci-Fi,1,Seasons,2026.0
OTT00931,Movie,Thriller Files 931,Director C,United States,2020-04-20,2012,TV-14,103 min,Thriller,103,Minutes,2020.0
OTT00932,Movie,Romance Journey 932,Director D,United States,2026-12-20,2021,TV-MA,69 min,Romance,69,Minutes,2026.0
OTT00933,Movie,Thriller Collection 933,Director A,United Kingdom,2008-07-13,1999,TV-MA,136 min,Thriller,136,Minutes,2008.0
OTT00934,TV Show,Drama Project 934,Unknown,India,2024-11-11,2021,TV-PG,1 Seasons,Drama,1,Seasons,2024.0
OTT00935,TV Show,Thriller Days 935,Unknown,Unknown,2008-01-10,1992,TV-Y7,3 Seasons,Thriller,3,Seasons,2008.0
OTT00936,Movie,Comedy House 936,Director C,India,2008-10-13,1998,TV-PG,91 min,Comedy,91,Minutes,2008.0
OTT00937,TV Show,Documentary Stories 937,Director B,United States,2017-05-23,2009,TV-MA,1 Seasons,Documentary,1,Seasons,2017.0
OTT00938,Movie,Romance Chronicles 938,Director A,United Kingdom,2008-02-16,1991,TV-MA,131 min,Romance,131,Minutes,2008.0
OTT00939,TV Show,Thriller Files 939,Director C,South Korea,2026-10-23,2021,TV-14,3 Seasons,Thriller,3,Seasons,2026.0
OTT00940,Movie,Drama Journey 940,Director C,United Kingdom,2026-03-26,2022,TV-Y7,109 min,Drama,109,Minutes,2026.0
OTT00941,Movie,Drama Collection 941,Unknown,United States,2016-12-10,2010,R,121 min,Drama,121,Minutes,2016.0
OTT00942,TV Show,Comedy Project 942,Unknown,Spain,2008-06-26,2001,R,1 Seasons,Comedy,1,Seasons,2008.0
OTT00943,Movie,Comedy Days 943,Director B,United States,2008-05-17,1993,TV-14,104 min,Comedy,104,Minutes,2008.0
OTT00944,Movie,Romance House 944,Director B,Canada,2016-03-18,2012,TV-Y,90 min,Romance,90,Minutes,2016.0
OTT00945,Movie,Comedy Stories 945,Director A,India,2015-01-20,2009,TV-14,124 min,Comedy,124,Minutes,2015.0
OTT00946,Movie,Sci-Fi Chronicles 946,Director B,Canada,2025-02-16,2018,PG,89 min,Sci-Fi,89,Minutes,2025.0
OTT00947,TV Show,Comedy Files 947,Director A,United States,2017-05-19,2012,TV-Y,4 Seasons,Comedy,4,Seasons,2017.0
OTT00948,TV Show,Drama Journey 948,Director C,United States,2008-10-17,1994,TV-PG,1 Seasons,Drama,1,Seasons,2008.0
OTT00949,TV Show,Sci-Fi Collection 949,Director B,India,2008-12-04,1994,TV-Y,2 Seasons,Sci-Fi,2,Seasons,2008.0
OTT00950,Movie,Documentary Project 950,Director B,United States,2021-01-26,2018,TV-14,121 min,Documentary,121,Minutes,2021.0
OTT00951,Movie,Action Days 951,Director A,United States,2008-01-19,1995,PG-13,105 min,Action,105,Minutes,2008.0
OTT00952,Movie,Reality House 952,Director A,South Korea,2026-12-20,2024,TV-MA,98 min,Reality,98,Minutes,2026.0
OTT00953,Movie,Horror Stories 953,Director A,Spain,2008-04-13,1993,TV-PG,104 min,Horror,104,Minutes,2008.0
OTT00954,Movie,Crime Chronicles 954,Unknown,United States,2018-03-04,2016,TV-MA,124 min,Crime,124,Minutes,2018.0
OTT00955,TV Show,Drama Files 955,Director B,France,2026-05-10,2026,TV-MA,1 Seasons,Drama,1,Seasons,2026.0
OTT00956,TV Show,Romance Journey 956,Director C,Canada,2011-03-27,2006,TV-MA,2 Seasons,Romance,2,Seasons,2011.0
OTT00957,TV Show,Reality Collection 957,Director C,France,2008-01-25,1992,TV-14,2 Seasons,Reality,2,Seasons,2008.0
OTT00958,Movie,Horror Project 958,Director C,South Korea,2025-02-03,2022,R,124 min,Horror,124,Minutes,2025.0
OTT00959,Movie,Drama Days 959,Unknown,Japan,2008-03-12,1996,TV-PG,102 min,Drama,102,Minutes,2008.0
OTT00960,Movie,Action House 960,Director B,United Kingdom,2009-11-24,2009,TV-14,144 min,Action,144,Minutes,2009.0
OTT00961,Movie,Documentary Stories 961,Director D,Japan,,2026,NR,101 min,Documentary,101,Minutes,
OTT00962,Movie,Drama Chronicles 962,Director C,Germany,2025-03-11,2017,G,99 min,Drama,99,Minutes,2025.0
OTT00963,Movie,Crime Files 963,Director C,United States,2008-06-04,1991,TV-MA,101 min,Crime,101,Minutes,2008.0
OTT00964,Movie,Comedy Journey 964,Director A,United States,2026-09-09,2020,TV-PG,76 min,Comedy,76,Minutes,2026.0
OTT00965,TV Show,Documentary Collection 965,Director A,Unknown,2008-05-19,1995,PG-13,1 Seasons,Documentary,1,Seasons,2008.0
OTT00966,Movie,Drama Project 966,Director A,Australia,2019-04-05,2017,PG-13,93 min,Drama,93,Minutes,2019.0
OTT00967,TV Show,Thriller Days 967,Unknown,India,2020-12-27,2012,TV-14,3 Seasons,Thriller,3,Seasons,2020.0
OTT00968,Movie,Drama House 968,Director C,Japan,2008-01-14,2000,PG-13,104 min,Drama,104,Minutes,2008.0
OTT00969,Movie,Action Stories 969,Unknown,Spain,2012-05-01,2005,TV-MA,94 min,Action,94,Minutes,2012.0
OTT00970,Movie,Drama Chronicles 970,Director B,Brazil,2008-08-03,1994,TV-14,131 min,Drama,131,Minutes,2008.0
OTT00971,Movie,Reality Files 971,Director B,United States,2026-09-27,2026,PG-13,139 min,Reality,139,Minutes,2026.0
OTT00972,Movie,Drama Journey 972,Director D,Canada,2008-02-27,1998,R,132 min,Drama,132,Minutes,2008.0
OTT00973,Movie,Thriller Collection 973,Unknown,Germany,2008-10-17,2001,PG,86 min,Thriller,86,Minutes,2008.0
OTT00974,TV Show,Comedy Project 974,Director D,United States,2015-06-18,2008,TV-MA,1 Seasons,Comedy,1,Seasons,2015.0
OTT00975,Movie,Drama Days 975,Director C,South Korea,2017-02-08,2014,TV-MA,144 min,Drama,144,Minutes,2017.0
OTT00976,Movie,Comedy House 976,Director C,India,2010-08-07,2008,TV-MA,110 min,Comedy,110,Minutes,2010.0
OTT00977,Movie,Drama Stories 977,Director C,Japan,2016-03-04,2008,TV-MA,99 min,Drama,99,Minutes,2016.0
OTT00978,Movie,Drama Chronicles 978,Director C,United Kingdom,2015-04-07,2011,TV-MA,120 min,Drama,120,Minutes,2015.0
OTT00979,Movie,Thriller Files 979,Director B,United States,2024-09-14,2021,Unknown,127 min,Thriller,127,Minutes,2024.0
OTT00980,Movie,Crime Journey 980,Director A,United States,2009-07-26,2004,R,92 min,Crime,92,Minutes,2009.0
OTT00981,TV Show,Drama Collection 981,Director B,United States,2026-04-10,2020,PG-13,2 Seasons,Drama,2,Seasons,2026.0
OTT00982,TV Show,Action Project 982,Director A,United States,2020-10-23,2019,TV-14,3 Seasons,Action,3,Seasons,2020.0
OTT00983,TV Show,Romance Days 983,Director C,Japan,2026-12-12,2025,TV-MA,1 Seasons,Romance,1,Seasons,2026.0
OTT00984,Movie,Comedy House 984,Director B,India,2026-03-21,2023,PG-13,105 min,Comedy,105,Minutes,2026.0
OTT00985,Movie,Documentary Stories 985,Unknown,United States,2019-10-11,2019,TV-MA,80 min,Documentary,80,Minutes,2019.0
OTT00986,TV Show,Drama Chronicles 986,Director A,South Korea,2008-06-03,1999,TV-Y7,1 Seasons,Drama,1,Seasons,2008.0
OTT00987,Movie,Comedy Files 987,Unknown,South Korea,2022-10-21,2018,TV-MA,92 min,Comedy,92,Minutes,2022.0
OTT00988,Movie,Action Journey 988,Unknown,United Kingdom,2023-12-27,2017,R,115 min,Action,115,Minutes,2023.0
OTT00989,Movie,Reality Collection 989,Director D,Australia,2008-09-05,2000,TV-Y,97 min,Reality,97,Minutes,2008.0
OTT00990,TV Show,Reality Project 990,Unknown,India,2016-11-09,2015,R,1 Seasons,Reality,1,Seasons,2016.0
OTT00991,Movie,Reality Days 991,Director B,Spain,2008-01-19,1999,R,106 min,Reality,106,Minutes,2008.0
OTT00992,TV Show,Action House 992,Director A,United States,2011-12-23,2009,PG-13,1 Seasons,Action,1,Seasons,2011.0
OTT00993,TV Show,Drama Stories 993,Unknown,South Korea,2021-01-21,2019,TV-MA,2 Seasons,Drama,2,Seasons,2021.0
OTT00994,Movie,Documentary Chronicles 994,Unknown,Brazil,2008-04-11,1996,PG-13,129 min,Documentary,129,Minutes,2008.0
OTT00995,TV Show,Comedy Files 995,Director A,France,2009-08-22,2002,TV-Y7,2 Seasons,Comedy,2,Seasons,2009.0
OTT00996,Movie,Drama Journey 996,Director C,United Kingdom,,2019,NR,100 min,Drama,100,Minutes,
OTT00997,Movie,Drama Collection 997,Director A,Japan,2011-03-09,2006,TV-PG,113 min,Drama,113,Minutes,2011.0
OTT00998,Movie,Action Project 998,Director B,India,2026-03-19,2025,TV-14,60 min,Action,60,Minutes,2026.0
OTT00999,TV Show,Documentary Days 999,Unknown,Japan,2008-08-26,1990,PG-13,3 Seasons,Documentary,3,Seasons,2008.0
OTT01000,Movie,Comedy House 1000,Director B,Canada,2022-11-14,2016,R,173 min,Comedy,173,Minutes,2022.0
OTT01001,Movie,Crime Stories 1001,Director A,Brazil,2022-10-07,2020,TV-14,102 min,Crime,102,Minutes,2022.0
OTT01002,Movie,Documentary Chronicles 1002,Director B,India,,2023,TV-MA,102 min,Documentary,102,Minutes,
OTT01003,Movie,Family Files 1003,Director C,United States,2008-12-10,1995,TV-MA,121 min,Family,121,Minutes,2008.0
OTT01004,Movie,Comedy Journey 1004,Director C,United Kingdom,2026-03-23,2026,TV-PG,141 min,Comedy,141,Minutes,2026.0
OTT01005,Movie,Thriller Collection 1005,Director B,United States,2011-01-10,2004,TV-MA,126 min,Thriller,126,Minutes,2011.0
OTT01006,Movie,Comedy Project 1006,Director D,Unknown,2010-11-22,2003,TV-MA,57 min,Comedy,57,Minutes,2010.0
OTT01007,TV Show,Thriller Days 1007,Unknown,India,2008-03-06,2003,TV-MA,3 Seasons,Thriller,3,Seasons,2008.0
OTT01008,Movie,Drama House 1008,Director C,South Korea,2019-03-25,2013,TV-Y,161 min,Drama,161,Minutes,2019.0
OTT01009,TV Show,Drama Stories 1009,Director B,United States,2015-08-12,2014,TV-MA,3 Seasons,Drama,3,Seasons,2015.0
OTT01010,Movie,Romance Chronicles 1010,Unknown,United States,2010-06-04,2007,TV-MA,79 min,Romance,79,Minutes,2010.0
OTT01011,Movie,Comedy Files 1011,Unknown,United States,2008-03-23,1992,TV-PG,111 min,Comedy,111,Minutes,2008.0
OTT01012,Movie,Comedy Journey 1012,Director A,France,2026-03-20,2026,TV-14,76 min,Comedy,76,Minutes,2026.0
OTT01013,Movie,Horror Collection 1013,Director C,South Korea,2008-09-24,1998,NR,132 min,Horror,132,Minutes,2008.0
OTT01014,TV Show,Drama Project 1014,Unknown,United States,2008-04-24,1993,TV-Y,1 Seasons,Drama,1,Seasons,2008.0
OTT01015,Movie,Thriller Days 1015,Director A,United States,2014-09-21,2012,TV-PG,106 min,Thriller,106,Minutes,2014.0
OTT01016,Movie,Thriller House 1016,Unknown,United Kingdom,2010-02-17,2005,TV-PG,86 min,Thriller,86,Minutes,2010.0
OTT01017,Movie,Comedy Stories 1017,Director C,United States,2013-01-02,2012,TV-14,92 min,Comedy,92,Minutes,2013.0
OTT01018,TV Show,Action Chronicles 1018,Unknown,United Kingdom,2026-03-02,2022,TV-MA,4 Seasons,Action,4,Seasons,2026.0
OTT01019,Movie,Drama Files 1019,Director B,India,2008-12-25,1993,TV-14,107 min,Drama,107,Minutes,2008.0
OTT01020,Movie,Crime Journey 1020,Unknown,Australia,2008-03-27,2000,TV-MA,92 min,Crime,92,Minutes,2008.0
OTT01021,TV Show,Comedy Collection 1021,Director C,United States,2009-01-05,2009,TV-MA,1 Seasons,Comedy,1,Seasons,2009.0
OTT01022,TV Show,Comedy Project 1022,Director C,Japan,2026-03-03,2019,R,1 Seasons,Comedy,1,Seasons,2026.0
OTT01023,TV Show,Documentary Days 1023,Unknown,United States,2019-01-16,2012,TV-MA,1 Seasons,Documentary,1,Seasons,2019.0
OTT01024,Movie,Sci-Fi House 1024,Unknown,Mexico,2009-03-03,2004,TV-MA,107 min,Sci-Fi,107,Minutes,2009.0
OTT01025,Movie,Animation Stories 1025,Director B,Brazil,2020-02-24,2012,TV-PG,126 min,Animation,126,Minutes,2020.0
OTT01026,Movie,Horror Chronicles 1026,Director D,South Korea,2026-02-03,2026,TV-PG,92 min,Horror,92,Minutes,2026.0
OTT01027,TV Show,Crime Files 1027,Director A,India,2008-07-11,2007,TV-MA,4 Seasons,Crime,4,Seasons,2008.0
OTT01028,Movie,Crime Journey 1028,Director A,Unknown,2026-09-26,2022,TV-MA,89 min,Crime,89,Minutes,2026.0
OTT01029,TV Show,Action Collection 1029,Director D,Spain,2021-07-03,2018,TV-MA,1 Seasons,Action,1,Seasons,2021.0
OTT01030,Movie,Sci-Fi Project 1030,Director D,South Korea,2008-11-10,2001,TV-14,81 min,Sci-Fi,81,Minutes,2008.0
OTT01031,Movie,Thriller Days 1031,Director B,United States,2008-11-16,1999,PG,126 min,Thriller,126,Minutes,2008.0
OTT01032,TV Show,Documentary House 1032,Director A,Unknown,2026-10-13,2018,TV-Y,5 Seasons,Documentary,5,Seasons,2026.0
OTT01033,Movie,Romance Stories 1033,Unknown,India,2008-07-26,1997,TV-PG,66 min,Romance,66,Minutes,2008.0
OTT01034,TV Show,Thriller Chronicles 1034,Director B,Spain,2008-12-18,2002,TV-PG,1 Seasons,Thriller,1,Seasons,2008.0
OTT01035,Movie,Drama Files 1035,Director A,Japan,2008-09-16,1998,PG-13,132 min,Drama,132,Minutes,2008.0
OTT01036,Movie,Action Journey 1036,Director B,Japan,2013-11-16,2012,R,73 min,Action,73,Minutes,2013.0
OTT01037,Movie,Documentary Collection 1037,Director A,Unknown,2008-03-26,2000,TV-MA,117 min,Documentary,117,Minutes,2008.0
OTT01038,Movie,Family Project 1038,Unknown,United States,2019-10-10,2014,TV-MA,131 min,Family,131,Minutes,2019.0
OTT01039,Movie,Documentary Days 1039,Director D,India,2026-02-03,2024,TV-PG,106 min,Documentary,106,Minutes,2026.0
OTT01040,Movie,Family House 1040,Director D,Unknown,2024-02-08,2020,R,117 min,Family,117,Minutes,2024.0
OTT01041,Movie,Action Stories 1041,Director A,Canada,2026-04-19,2025,TV-MA,143 min,Action,143,Minutes,2026.0
OTT01042,Movie,Animation Chronicles 1042,Director C,India,2008-09-15,1990,TV-14,147 min,Animation,147,Minutes,2008.0
OTT01043,Movie,Drama Files 1043,Director C,Unknown,2009-12-02,2006,TV-14,103 min,Drama,103,Minutes,2009.0
OTT01044,Movie,Horror Journey 1044,Director A,United States,2008-11-17,1998,TV-14,93 min,Horror,93,Minutes,2008.0
OTT01045,Movie,Action Collection 1045,Director C,United States,2023-06-02,2023,TV-PG,84 min,Action,84,Minutes,2023.0
OTT01046,Movie,Comedy Project 1046,Director B,United Kingdom,2024-01-17,2016,PG-13,126 min,Comedy,126,Minutes,2024.0
OTT01047,Movie,Comedy Days 1047,Director D,United States,2008-02-23,2001,TV-PG,74 min,Comedy,74,Minutes,2008.0
OTT01048,TV Show,Comedy House 1048,Director B,United States,2013-10-15,2010,TV-MA,1 Seasons,Comedy,1,Seasons,2013.0
OTT01049,TV Show,Documentary Stories 1049,Director C,Canada,2015-08-09,2012,TV-MA,2 Seasons,Documentary,2,Seasons,2015.0
OTT01050,Movie,Crime Chronicles 1050,Director A,India,2014-11-01,2008,PG,93 min,Crime,93,Minutes,2014.0
OTT01051,Movie,Horror Files 1051,Unknown,India,2012-05-06,2007,TV-PG,111 min,Horror,111,Minutes,2012.0
OTT01052,Movie,Crime Journey 1052,Director C,India,2008-01-16,1992,TV-MA,161 min,Crime,161,Minutes,2008.0
OTT01053,Movie,Thriller Collection 1053,Director B,Spain,2010-04-23,2006,TV-14,102 min,Thriller,102,Minutes,2010.0
OTT01054,Movie,Action Project 1054,Director D,India,2008-09-01,2002,PG,95 min,Action,95,Minutes,2008.0
OTT01055,Movie,Family Days 1055,Director D,Canada,2024-06-14,2020,Unknown,127 min,Family,127,Minutes,2024.0
OTT01056,Movie,Family House 1056,Director B,Australia,2022-09-20,2022,TV-Y7,110 min,Family,110,Minutes,2022.0
OTT01057,TV Show,Documentary Stories 1057,Director D,Japan,2018-03-09,2017,R,4 Seasons,Documentary,4,Seasons,2018.0
OTT01058,Movie,Reality Chronicles 1058,Unknown,Unknown,2008-01-18,1991,TV-PG,108 min,Reality,108,Minutes,2008.0
OTT01059,Movie,Action Files 1059,Director C,South Korea,2023-10-02,2021,TV-PG,99 min,Action,99,Minutes,2023.0
OTT01060,TV Show,Family Journey 1060,Unknown,India,2008-02-13,2004,TV-MA,1 Seasons,Family,1,Seasons,2008.0
OTT01061,TV Show,Reality Collection 1061,Director C,India,2008-07-14,2005,PG-13,1 Seasons,Reality,1,Seasons,2008.0
OTT01062,Movie,Crime Project 1062,Director D,United Kingdom,2026-01-08,2024,R,64 min,Crime,64,Minutes,2026.0
OTT01063,Movie,Drama Days 1063,Director D,United States,2023-05-23,2022,TV-MA,113 min,Drama,113,Minutes,2023.0
OTT01064,Movie,Romance House 1064,Director D,United States,2008-01-21,1991,TV-Y7,75 min,Romance,75,Minutes,2008.0
OTT01065,Movie,Drama Stories 1065,Unknown,India,2010-12-03,2003,TV-14,132 min,Drama,132,Minutes,2010.0
OTT01066,TV Show,Animation Chronicles 1066,Director D,United States,2020-02-27,2017,TV-MA,2 Seasons,Animation,2,Seasons,2020.0
OTT01067,Movie,Comedy Files 1067,Director C,India,2010-11-06,2009,TV-14,99 min,Comedy,99,Minutes,2010.0
OTT01068,TV Show,Crime Journey 1068,Unknown,United Kingdom,2008-01-05,1999,TV-Y7,1 Seasons,Crime,1,Seasons,2008.0
OTT01069,Movie,Horror Collection 1069,Director B,Australia,2012-02-05,2009,TV-Y,118 min,Horror,118,Minutes,2012.0
OTT01070,Movie,Comedy Project 1070,Unknown,United States,2023-05-12,2022,TV-PG,87 min,Comedy,87,Minutes,2023.0
OTT01071,TV Show,Action Days 1071,Director C,Japan,2008-06-26,1998,NR,1 Seasons,Action,1,Seasons,2008.0
OTT01072,Movie,Romance House 1072,Director C,India,2025-09-14,2017,TV-Y7,131 min,Romance,131,Minutes,2025.0
OTT01073,Movie,Action Stories 1073,Unknown,United States,2025-05-23,2017,PG,112 min,Action,112,Minutes,2025.0
OTT01074,TV Show,Comedy Chronicles 1074,Unknown,United States,2026-12-01,2022,TV-Y7,1 Seasons,Comedy,1,Seasons,2026.0
OTT01075,TV Show,Drama Files 1075,Director C,United States,2008-05-23,2001,TV-14,3 Seasons,Drama,3,Seasons,2008.0
OTT01076,Movie,Action Journey 1076,Director C,United States,2008-02-06,1997,PG-13,105 min,Action,105,Minutes,2008.0
OTT01077,Movie,Romance Collection 1077,Director D,United States,,2010,R,113 min,Romance,113,Minutes,
OTT01078,Movie,Thriller Project 1078,Director C,India,2011-11-24,2009,PG-13,87 min,Thriller,87,Minutes,2011.0
OTT01079,Movie,Drama Days 1079,Unknown,United Kingdom,2012-12-19,2005,TV-MA,150 min,Drama,150,Minutes,2012.0
OTT01080,Movie,Action House 1080,Director D,United States,2021-08-18,2018,PG-13,92 min,Action,92,Minutes,2021.0
OTT01081,Movie,Documentary Stories 1081,Director C,United States,2022-08-13,2019,NR,139 min,Documentary,139,Minutes,2022.0
OTT01082,TV Show,Comedy Chronicles 1082,Unknown,United States,2008-04-17,1999,TV-14,1 Seasons,Comedy,1,Seasons,2008.0
OTT01083,TV Show,Crime Files 1083,Director C,United Kingdom,2022-09-04,2019,NR,3 Seasons,Crime,3,Seasons,2022.0
OTT01084,TV Show,Documentary Journey 1084,Director D,India,2008-11-18,1998,TV-14,3 Seasons,Documentary,3,Seasons,2008.0
OTT01085,TV Show,Thriller Collection 1085,Director B,United Kingdom,2008-09-10,2005,TV-MA,3 Seasons,Thriller,3,Seasons,2008.0
OTT01086,TV Show,Horror Project 1086,Director B,United States,2008-08-26,1991,TV-MA,1 Seasons,Horror,1,Seasons,2008.0
OTT01087,TV Show,Thriller Days 1087,Unknown,United States,2008-10-16,2002,PG,3 Seasons,Thriller,3,Seasons,2008.0
OTT01088,TV Show,Romance House 1088,Director B,Australia,2026-06-20,2025,R,4 Seasons,Romance,4,Seasons,2026.0
OTT01089,Movie,Drama Stories 1089,Director C,United States,2014-06-27,2006,TV-14,99 min,Drama,99,Minutes,2014.0
OTT01090,Movie,Comedy Chronicles 1090,Director A,United States,2018-06-01,2016,R,105 min,Comedy,105,Minutes,2018.0
OTT01091,Movie,Drama Files 1091,Director C,United States,2008-05-06,1993,Unknown,93 min,Drama,93,Minutes,2008.0
OTT01092,Movie,Animation Journey 1092,Director C,Brazil,2015-12-22,2013,TV-PG,97 min,Animation,97,Minutes,2015.0
OTT01093,Movie,Family Collection 1093,Director A,Japan,2008-03-12,2003,TV-Y7,142 min,Family,142,Minutes,2008.0
OTT01094,Movie,Comedy Project 1094,Director D,United Kingdom,2018-05-23,2017,PG-13,82 min,Comedy,82,Minutes,2018.0
OTT01095,Movie,Comedy Days 1095,Director C,Brazil,2026-09-06,2024,PG,84 min,Comedy,84,Minutes,2026.0
OTT01096,Movie,Documentary House 1096,Director C,United States,2014-08-13,2009,R,140 min,Documentary,140,Minutes,2014.0
OTT01097,Movie,Romance Stories 1097,Director D,Mexico,2008-03-16,1993,NR,118 min,Romance,118,Minutes,2008.0
OTT01098,TV Show,Romance Chronicles 1098,Director B,United States,2011-07-21,2007,TV-14,5 Seasons,Romance,5,Seasons,2011.0
OTT01099,TV Show,Crime Files 1099,Director C,Unknown,2008-07-05,1994,TV-14,1 Seasons,Crime,1,Seasons,2008.0
OTT01100,Movie,Sci-Fi Journey 1100,Unknown,India,2008-03-26,2006,TV-MA,107 min,Sci-Fi,107,Minutes,2008.0
OTT01101,Movie,Documentary Collection 1101,Director D,India,2008-05-09,1992,R,90 min,Documentary,90,Minutes,2008.0
OTT01102,Movie,Crime Project 1102,Director D,Australia,2017-05-08,2013,R,108 min,Crime,108,Minutes,2017.0
OTT01103,TV Show,Thriller Days 1103,Director C,United States,2008-09-15,2001,PG-13,1 Seasons,Thriller,1,Seasons,2008.0
OTT01104,TV Show,Documentary House 1104,Director B,Brazil,2008-05-10,1997,TV-14,3 Seasons,Documentary,3,Seasons,2008.0
OTT01105,Movie,Sci-Fi Stories 1105,Unknown,Unknown,2008-04-07,1990,TV-MA,112 min,Sci-Fi,112,Minutes,2008.0
OTT01106,TV Show,Drama Chronicles 1106,Unknown,Unknown,2026-06-19,2022,R,2 Seasons,Drama,2,Seasons,2026.0
OTT01107,Movie,Crime Files 1107,Director C,Mexico,2022-01-04,2020,NR,96 min,Crime,96,Minutes,2022.0
OTT01108,Movie,Crime Journey 1108,Unknown,United States,2026-01-05,2020,TV-14,85 min,Crime,85,Minutes,2026.0
OTT01109,TV Show,Horror Collection 1109,Director C,Australia,2008-05-27,1992,TV-MA,3 Seasons,Horror,3,Seasons,2008.0
OTT01110,Movie,Thriller Project 1110,Unknown,United Kingdom,2008-05-01,2002,TV-14,79 min,Thriller,79,Minutes,2008.0
OTT01111,Movie,Documentary Days 1111,Director B,South Korea,2026-03-05,2025,TV-PG,116 min,Documentary,116,Minutes,2026.0
OTT01112,Movie,Family House 1112,Unknown,United States,2018-03-07,2011,TV-14,150 min,Family,150,Minutes,2018.0
OTT01113,Movie,Animation Stories 1113,Director A,United Kingdom,2008-10-17,1994,TV-14,137 min,Animation,137,Minutes,2008.0
OTT01114,TV Show,Thriller Chronicles 1114,Director C,Japan,2008-08-07,1995,R,1 Seasons,Thriller,1,Seasons,2008.0
OTT01115,TV Show,Animation Files 1115,Unknown,India,2008-12-03,1999,TV-14,1 Seasons,Animation,1,Seasons,2008.0
OTT01116,Movie,Comedy Journey 1116,Director A,United States,2026-10-03,2025,TV-14,114 min,Comedy,114,Minutes,2026.0
OTT01117,Movie,Romance Collection 1117,Director B,United States,2008-04-27,1996,TV-MA,103 min,Romance,103,Minutes,2008.0
OTT01118,TV Show,Sci-Fi Project 1118,Director C,France,2026-11-21,2023,TV-Y,1 Seasons,Sci-Fi,1,Seasons,2026.0
OTT01119,Movie,Documentary Days 1119,Director B,United States,2018-12-20,2015,TV-PG,113 min,Documentary,113,Minutes,2018.0
OTT01120,TV Show,Action House 1120,Unknown,South Korea,2026-07-10,2024,Unknown,2 Seasons,Action,2,Seasons,2026.0
OTT01121,Movie,Reality Stories 1121,Unknown,Brazil,2026-02-18,2020,TV-MA,147 min,Reality,147,Minutes,2026.0
OTT01122,Movie,Animation Chronicles 1122,Director D,United States,2008-12-07,2002,R,99 min,Animation,99,Minutes,2008.0
OTT01123,TV Show,Sci-Fi Files 1123,Director D,United States,2024-01-14,2020,TV-Y7,3 Seasons,Sci-Fi,3,Seasons,2024.0
OTT01124,Movie,Action Journey 1124,Unknown,Japan,2008-10-25,1996,TV-MA,77 min,Action,77,Minutes,2008.0
OTT01125,Movie,Reality Collection 1125,Director B,United States,2008-06-26,2000,TV-MA,82 min,Reality,82,Minutes,2008.0
OTT01126,Movie,Drama Project 1126,Unknown,United Kingdom,2008-06-16,1997,TV-MA,120 min,Drama,120,Minutes,2008.0
OTT01127,Movie,Thriller Days 1127,Director A,Japan,2008-02-05,1994,R,128 min,Thriller,128,Minutes,2008.0
OTT01128,TV Show,Action House 1128,Director A,United Kingdom,2008-08-03,1993,TV-Y,1 Seasons,Action,1,Seasons,2008.0
OTT01129,Movie,Animation Stories 1129,Unknown,Unknown,2008-05-06,1996,TV-PG,105 min,Animation,105,Minutes,2008.0
OTT01130,TV Show,Sci-Fi Chronicles 1130,Director D,Unknown,2008-09-18,1994,TV-14,1 Seasons,Sci-Fi,1,Seasons,2008.0
OTT01131,TV Show,Crime Files 1131,Director C,United Kingdom,2008-03-06,2004,PG,1 Seasons,Crime,1,Seasons,2008.0
OTT01132,Movie,Romance Journey 1132,Director C,United States,2008-11-17,1992,PG-13,123 min,Romance,123,Minutes,2008.0
OTT01133,Movie,Action Collection 1133,Director C,United Kingdom,2008-09-06,1992,TV-14,95 min,Action,95,Minutes,2008.0
OTT01134,TV Show,Thriller Project 1134,Director D,France,2026-02-02,2026,TV-MA,1 Seasons,Thriller,1,Seasons,2026.0
OTT01135,TV Show,Thriller Days 1135,Director C,Japan,2008-03-12,1993,TV-14,1 Seasons,Thriller,1,Seasons,2008.0
OTT01136,Movie,Drama House 1136,Director B,India,2008-01-22,1992,PG,90 min,Drama,90,Minutes,2008.0
OTT01137,Movie,Thriller Stories 1137,Unknown,India,2008-07-26,1991,PG-13,143 min,Thriller,143,Minutes,2008.0
OTT01138,Movie,Family Chronicles 1138,Unknown,United States,,1994,PG-13,106 min,Family,106,Minutes,
OTT01139,Movie,Crime Files 1139,Director B,United States,2017-12-04,2009,PG,82 min,Crime,82,Minutes,2017.0
OTT01140,Movie,Animation Journey 1140,Unknown,United States,2026-11-17,2020,TV-14,98 min,Animation,98,Minutes,2026.0
OTT01141,Movie,Action Collection 1141,Director A,Brazil,2025-10-14,2017,TV-14,69 min,Action,69,Minutes,2025.0
OTT01142,TV Show,Thriller Project 1142,Director A,Unknown,2016-12-16,2011,TV-MA,1 Seasons,Thriller,1,Seasons,2016.0
OTT01143,TV Show,Drama Days 1143,Director C,Spain,2008-01-03,1993,Unknown,4 Seasons,Drama,4,Seasons,2008.0
OTT01144,TV Show,Action House 1144,Unknown,United States,2023-02-08,2018,R,1 Seasons,Action,1,Seasons,2023.0
OTT01145,Movie,Action Stories 1145,Director C,United States,2008-01-18,1991,TV-14,146 min,Action,146,Minutes,2008.0
OTT01146,Movie,Comedy Chronicles 1146,Unknown,India,2020-04-14,2013,TV-MA,102 min,Comedy,102,Minutes,2020.0
OTT01147,TV Show,Drama Files 1147,Unknown,India,2012-11-10,2005,PG-13,2 Seasons,Drama,2,Seasons,2012.0
OTT01148,TV Show,Crime Journey 1148,Unknown,Canada,2022-04-07,2022,PG-13,3 Seasons,Crime,3,Seasons,2022.0
OTT01149,Movie,Action Collection 1149,Director D,Mexico,2009-03-03,2001,PG-13,55 min,Action,55,Minutes,2009.0
OTT01150,TV Show,Action Project 1150,Unknown,France,2019-11-26,2013,TV-MA,2 Seasons,Action,2,Seasons,2019.0
OTT01151,Movie,Comedy Days 1151,Director B,United States,2014-06-15,2006,TV-Y,103 min,Comedy,103,Minutes,2014.0
OTT01152,TV Show,Thriller House 1152,Unknown,Canada,2015-01-08,2009,PG-13,4 Seasons,Thriller,4,Seasons,2015.0
OTT01153,Movie,Action Stories 1153,Director D,United States,2026-11-19,2024,PG-13,126 min,Action,126,Minutes,2026.0
OTT01154,Movie,Action Chronicles 1154,Director C,Germany,2018-07-04,2016,PG-13,80 min,Action,80,Minutes,2018.0
OTT01155,Movie,Romance Files 1155,Unknown,Unknown,2008-03-04,2005,TV-Y,132 min,Romance,132,Minutes,2008.0
OTT01156,Movie,Drama Journey 1156,Director C,India,2008-01-03,2006,TV-Y,99 min,Drama,99,Minutes,2008.0
OTT01157,Movie,Sci-Fi Collection 1157,Director A,United States,2018-01-01,2016,R,85 min,Sci-Fi,85,Minutes,2018.0
OTT01158,Movie,Drama Project 1158,Director B,United States,2008-04-18,2002,TV-PG,109 min,Drama,109,Minutes,2008.0
OTT01159,Movie,Action Days 1159,Director C,United States,2008-06-19,1996,TV-14,100 min,Action,100,Minutes,2008.0
OTT01160,TV Show,Comedy House 1160,Director D,Germany,2008-03-04,2007,PG,4 Seasons,Comedy,4,Seasons,2008.0
OTT01161,Movie,Thriller Stories 1161,Director A,Canada,2008-06-17,1992,PG-13,112 min,Thriller,112,Minutes,2008.0
OTT01162,Movie,Comedy Chronicles 1162,Director D,Mexico,2008-12-16,1996,TV-MA,109 min,Comedy,109,Minutes,2008.0
OTT01163,TV Show,Sci-Fi Files 1163,Director B,United States,2012-09-22,2005,TV-MA,3 Seasons,Sci-Fi,3,Seasons,2012.0
OTT01164,Movie,Action Journey 1164,Director A,United Kingdom,2020-01-18,2019,TV-Y,129 min,Action,129,Minutes,2020.0
OTT01165,Movie,Romance Collection 1165,Director A,United States,2022-01-18,2018,TV-Y7,122 min,Romance,122,Minutes,2022.0
OTT01166,TV Show,Comedy Project 1166,Director B,United Kingdom,2008-04-20,1999,NR,4 Seasons,Comedy,4,Seasons,2008.0
OTT01167,TV Show,Drama Days 1167,Director A,India,2011-02-15,2005,TV-PG,3 Seasons,Drama,3,Seasons,2011.0
OTT01168,Movie,Action House 1168,Director A,United States,2008-02-19,1995,PG,108 min,Action,108,Minutes,2008.0
OTT01169,TV Show,Thriller Stories 1169,Director A,United Kingdom,2023-08-02,2017,PG,4 Seasons,Thriller,4,Seasons,2023.0
OTT01170,Movie,Action Chronicles 1170,Director D,United States,2008-03-02,1999,TV-14,103 min,Action,103,Minutes,2008.0
OTT01171,Movie,Reality Files 1171,Director A,India,2021-07-23,2019,TV-MA,105 min,Reality,105,Minutes,2021.0
OTT01172,TV Show,Crime Journey 1172,Unknown,Japan,2023-05-24,2021,NR,4 Seasons,Crime,4,Seasons,2023.0
OTT01173,Movie,Reality Collection 1173,Director B,United States,,2015,TV-MA,140 min,Reality,140,Minutes,
OTT01174,TV Show,Documentary Project 1174,Director D,Australia,2008-12-04,2002,R,2 Seasons,Documentary,2,Seasons,2008.0
OTT01175,Movie,Animation Days 1175,Director D,United Kingdom,2026-06-03,2025,PG-13,95 min,Animation,95,Minutes,2026.0
OTT01176,TV Show,Thriller House 1176,Unknown,Spain,2023-04-18,2015,PG-13,4 Seasons,Thriller,4,Seasons,2023.0
OTT01177,Movie,Romance Stories 1177,Director C,Japan,2021-03-14,2013,TV-14,122 min,Romance,122,Minutes,2021.0
OTT01178,Movie,Reality Chronicles 1178,Director A,South Korea,2023-10-10,2021,PG-13,111 min,Reality,111,Minutes,2023.0
OTT01179,Movie,Crime Files 1179,Director D,South Korea,2022-07-15,2022,TV-MA,97 min,Crime,97,Minutes,2022.0
OTT01180,Movie,Sci-Fi Journey 1180,Director C,France,2008-10-06,1992,PG,112 min,Sci-Fi,112,Minutes,2008.0
OTT01181,TV Show,Crime Collection 1181,Director D,United Kingdom,2026-12-11,2022,TV-MA,2 Seasons,Crime,2,Seasons,2026.0
OTT01182,Movie,Drama Project 1182,Director A,United States,,2018,PG-13,90 min,Drama,90,Minutes,
OTT01183,Movie,Crime Days 1183,Director C,United States,2008-02-15,1997,PG,107 min,Crime,107,Minutes,2008.0
OTT01184,Movie,Action House 1184,Unknown,United Kingdom,2008-03-10,2001,TV-MA,110 min,Action,110,Minutes,2008.0
OTT01185,Movie,Horror Stories 1185,Unknown,United States,2023-03-19,2017,TV-14,96 min,Horror,96,Minutes,2023.0
OTT01186,TV Show,Family Chronicles 1186,Director C,United States,2008-06-07,1998,PG,3 Seasons,Family,3,Seasons,2008.0
OTT01187,Movie,Drama Files 1187,Director A,United States,2011-02-12,2006,TV-MA,133 min,Drama,133,Minutes,2011.0
OTT01188,TV Show,Drama Journey 1188,Director A,Unknown,2022-09-02,2015,TV-MA,3 Seasons,Drama,3,Seasons,2022.0
OTT01189,Movie,Drama Collection 1189,Director C,United States,2022-12-20,2014,TV-PG,98 min,Drama,98,Minutes,2022.0
OTT01190,Movie,Thriller Project 1190,Director A,United Kingdom,2026-09-20,2023,G,121 min,Thriller,121,Minutes,2026.0
OTT01191,Movie,Drama Days 1191,Unknown,Canada,2008-11-21,1994,R,106 min,Drama,106,Minutes,2008.0
OTT01192,Movie,Crime House 1192,Director D,Spain,2008-02-19,2000,TV-14,77 min,Crime,77,Minutes,2008.0
OTT01193,TV Show,Thriller Stories 1193,Director A,United States,2026-01-10,2026,NR,3 Seasons,Thriller,3,Seasons,2026.0
OTT01194,TV Show,Family Chronicles 1194,Unknown,United Kingdom,2015-06-18,2011,TV-PG,2 Seasons,Family,2,Seasons,2015.0
OTT01195,TV Show,Comedy Files 1195,Director D,United Kingdom,2008-09-27,1999,TV-PG,6 Seasons,Comedy,6,Seasons,2008.0
OTT01196,Movie,Thriller Journey 1196,Director A,India,2008-09-09,2000,TV-PG,137 min,Thriller,137,Minutes,2008.0
OTT01197,Movie,Drama Collection 1197,Director D,Japan,2010-04-01,2002,TV-14,120 min,Drama,120,Minutes,2010.0
OTT01198,Movie,Sci-Fi Project 1198,Director C,United States,2015-09-22,2010,TV-14,110 min,Sci-Fi,110,Minutes,2015.0
OTT01199,Movie,Comedy Days 1199,Director C,Brazil,2008-10-08,2000,PG-13,108 min,Comedy,108,Minutes,2008.0
OTT01200,TV Show,Drama House 1200,Director D,United States,2015-03-04,2013,TV-MA,1 Seasons,Drama,1,Seasons,2015.0
